Id,	OverallQual, GrLivArea,	BedroomAbvGr,	FullBath,	HalfBath,	YearBuilt,	YearRemodAdd,	TotalBsmtSF,	GarageCars,	GarageArea,	LotArea,	Neighborhood,	HouseStyle,	ExteriorQuality,	SalePrice
1	1	2572	4	3	1	2015	2015	231	2	186	3639	Edwards	1.5Fin	Fair	316418
2	8	1467	4	2	1	1956	1956	1198	1	16	15794	OldTown	SLvl	Excellent	451629
3	7	1339	5	3	1	2006	2006	1638	0	437	17743	NAmes	1Story	Excellent	472349
4	5	1722	5	3	1	1988	1988	155	0	271	22374	NAmes	1Story	Excellent	387909
5	5	2850	4	1	0	2007	2008	973	2	28	17807	Somerst	1Story	Fair	481417
6	9	1394	2	2	0	1984	1996	645	2	778	6864	Somerst	2Story	Fair	480237
7	1	4149	3	1	0	1962	2009	98	2	600	11954	Edwards	2Story	Excellent	365529
8	7	2367	3	2	1	2007	2007	2010	0	910	14148	NridgHt	1Story	Poor	552547
9	3	3940	4	1	0	1997	1997	1112	2	480	29543	NAmes	1.5Fin	Excellent	500859
10	1	3202	5	3	0	1985	1985	1880	0	438	16677	Somerst	1Story	Good	431280
11	6	1767	2	1	0	1978	1984	1468	0	843	19597	Somerst	SLvl	Good	457829
12	10	1336	3	2	1	1976	1980	2190	1	81	22464	CollgCr	1.5Fin	Typical	518660
13	8	3450	1	1	1	1986	2010	2493	2	362	11824	Edwards	SLvl	Excellent	610434
14	8	1756	4	3	1	1969	1981	1505	2	799	28987	Somerst	1Story	Good	548940
15	8	1412	3	3	1	1971	2015	880	3	292	20735	Edwards	SLvl	Poor	411004
16	8	4215	3	3	0	1971	1971	1057	3	886	25676	CollgCr	1.5Fin	Typical	630477
17	6	2379	3	2	0	1950	1979	2064	1	284	22853	Edwards	SLvl	Excellent	491564
18	2	599	2	1	0	2020	2020	1067	3	414	19213	Somerst	1.5Fin	Poor	259758
19	9	2429	3	3	1	1967	1967	1299	0	898	2380	NAmes	1.5Fin	Good	543461
20	5	2289	4	2	1	1962	1974	485	3	243	18134	Edwards	1Story	Fair	399675
21	6	3943	2	3	0	1961	2007	2476	1	969	5191	Edwards	1.5Fin	Typical	505595
22	4	3318	1	3	0	2025	2025	1627	3	44	18691	OldTown	2Story		441159
23	2	1184	2	2	0	1986	2009		3	266	21490	NAmes	SLvl	Typical	284551
24	10	1017	1	3	1	1974	1989	1463	2	591	17038	NAmes	1.5Fin	Poor	451427
25	8	2875	2	3	0	1980	2015	1003	3	594	10290	Somerst	1Story	Poor	533320
26	7	594	4	2	1	1956	2016	387	0	910	3191	Somerst	SLvl	Good	381962
27	5	1708	1	1	0	1973	2024	2187	0	960	20625	OldTown	1Story	Excellent	387183
28	9	966	4	1	1	1968	1968	2215	2	678	21402	NridgHt	2Story	Fair	557798
29	6	484	2	2	1	2011	2011	2088	2	660	15121	NridgHt	1Story	Excellent	505474
30	5	4168	5	2	0	1954	1958	921	0	317	21916	Edwards	SLvl	Typical	487468
31	5	768	4	1	1	1982	1982	641	2	806	23705	Edwards	1Story	Poor	287374
32	3	437	2	1	1	2010	2010	124	0	643	16106	NridgHt	SLvl	Typical	296492
33	1	4225	3	3	1	2013	2013	1829	3	24	2858	Edwards	1Story	Excellent	456096
34	6	1172	1	3	1	1988	1988	820	0	832	26306	NridgHt	1.5Fin	Fair	454720
35	9	3748	1	1	0	1966	2015	2231	1	360	14802	NridgHt	1Story	Excellent	738260
36	1	528	5	2	0	1975	1975	2175	3	476	20665	CollgCr	2Story	Good	292242
37	9	1029	5	1	1	1966	1996	320	2	486	27462	Edwards	1.5Fin	Fair	410474
38	9	853	1	3	0	2000	2008	2293	2	820	11836	Somerst	1.5Fin	Good	538472
39	3	3296	2	3	0	1972	2024	350	2	268	19227	Somerst	SLvl	Typical	452381
40	7	2943	1	3	0	1997	1997	1226	3	392	2061	OldTown	SLvl	Poor	433201
41	2	2350	2	2	0	1999	2005	1185	1	39	26724	NridgHt	1.5Fin	Excellent	443408
42	8	1390	2	2	0	2021	2021	2391	3	348	3186	OldTown	2Story		417906
43	8	764	2	3	0	1978	1991	1643	2	88	16922	OldTown	2Story	Typical	378354
44	4	2734	3	2	1	2023	2023	2188	3	583	11526	NAmes	SLvl	Good	483827
45	1	1346	1	2	1	1980	2022	1490	2	894	2519	CollgCr	1.5Fin		259742
46	10	2820	5	3	0	2001	2008	2063	0	465	14670	NridgHt	SLvl	Good	682035
47	5	3219	4	2	0	2000	2020	2131	2	913	28165	Somerst	2Story	Fair	536167
48	9	3883	4	3	1	2012	2014	2150	3	978	6255	Somerst	2Story		697665
49	7	2425	1	2	0	1985	1985	1029	0	53	9830	NridgHt	SLvl	Typical	526442
50	8	419	4	3	0	2010	2010	955	3	516	6896	CollgCr	1.5Fin	Good	442106
51	8	1551	5	1	0	1977	1977	2463	0	528	5061	Edwards	1Story	Poor	389789
52	2	3899	1	1	0	1987	1992	1891	3	385	8061	OldTown	1.5Fin	Poor	324442
53	4	2586	4	1	0	1987	1987	2294	3	831	17797	NridgHt	1Story	Typical	518190
54	5	2939	2	2	0	2003	2005	1443	0	395	23745	OldTown	SLvl	Poor	386784
55	5	2277	4	3	1	1996	2023	2323	2	55	21174	NridgHt	1Story	Fair	520141
56	1	1067	3	1	1	1955	2001	1799	0	548	23482	Somerst	SLvl	Good	276998
57	6	4077	5	1	0	2011	2013	1857	2	202	21895	Somerst	SLvl	Excellent	678509
58	2	3569	1	3	1	2007	2007	444	3	355	12414	NridgHt	1Story	Good	482794
59	8	4481	2	3	1	1957	2025	1417	0	502	27157	Somerst	1.5Fin	Fair	637308
60	7	3908	2	2	0	2023	2023	1829	0	723	6412	CollgCr	1Story	Excellent	654881
61	10	1593	2	2	0	2000	2001	1903	1	278	21444	Edwards	2Story	Typical	507858
62	8	1442	2	2	1	1956	2008	2394	1	381	4660	OldTown	2Story	Poor	392810
63	4	1418	2	1	0	1987	1998	817	0	67	23320	NAmes	1.5Fin	Good	326150
64	10	4167	1	1	0	2013	2013	756	1	384	3983	Edwards	SLvl	Typical	600007
65	5	2683	4	3	0	1971	1996	2424	1	580	7661	OldTown	2Story	Fair	396829
66	4	2263	3	2	0	2020	2020	2466	0	617	12651	OldTown	2Story	Good	408838
67	10	4370	5	3	0	1981	2015	449	1	293	21293	NAmes	1Story	Good	702970
68	4	2874	4	3	0	1967	1986	946	0	60	2798	Edwards	SLvl	Fair	366383
69	1	4129	1	1	0	1977	1988		3	577	8834	Edwards	2Story	Poor	336001
70	5	4438	1	1	1	1989	1989	499	3	656	11008	NAmes	2Story	Typical	524490
71	8	725	3	3	0	2002	2002	1958	1	85	22334	Edwards	1Story		385213
72	2	1882	3	1	1	2020	2020	280	3		28904	CollgCr	2Story	Good	351264
73	5	3410	2	2	1	1964	1964	445	1	95	19004	NAmes	1.5Fin	Typical	423947
74	2	3734	4	3	1	2022	2022	1963	3	453	15964	OldTown	SLvl	Fair	437483
75	7	1008	3	3	1	1990	1990	1519	0	641	11084	OldTown	2Story	Typical	371041
76	5	1705	4	3	0	1959	2015	1387	1	719	24946	NridgHt	1.5Fin	Fair	461331
77	4	2648	1	1	0	2020	2020	2142	2	714	4556	NAmes	SLvl	Fair	414093
78	3	3677	5	1	0	1976	1976	768	0	759	5184	OldTown	2Story	Fair	345341
79	6	863	2	1	1	1997	1997	1258	3	241	7233	Somerst	2Story	Good	401933
80	7	2863	3	1	1	2003	2003	1521	1	847	9140	CollgCr	1Story	Excellent	554222
81	10	1615	3	1	1	1951	2019		1	350	14655	NridgHt	SLvl	Good	610145
82	5	1287	5	3	0	1966	1966	830	1	375	28477	Somerst	1Story	Fair	384972
83	2	2513	2	1	0	2002	2002	1584	3	788	20036	NridgHt	1Story	Excellent	464435
84	9	2097	2	3	1	1974	1974	1121	0	327	12431	NridgHt	1Story	Poor	557945
85	7	3007	2	2	1	1950	1981	1355	3	74	7528	NAmes	1.5Fin	Fair	461012
86	8	1702	2	2	1	1951	2025	2157	3	715	19980	OldTown	2Story	Poor	459614
87	1	3776	1	1	0	2012	2012	984	3	662	8714	Somerst	1.5Fin		440807
88	4	720	1	1	0	1961	1987	1671	3	582	29320	NAmes	1.5Fin	Poor	269585
89	8	3934	2	2	0	1957	1960	2355	3	143	15115	OldTown	1Story	Typical	540024
90	9	522	3	1	1	1992	1992	1906	2	632	17198	Somerst	2Story	Poor	437294
91	5	3417	2	3	0	1959	1989	2472	1	198	27250	Somerst	1Story	Fair	515039
92	9	1820	2	1	1	1999	1999	1459	1	556	10202	OldTown	1Story		502415
93	9	1972	4	1	0	1991	2003	705	3	508	14946	NridgHt	2Story		634822
94	4	478	2	3	0	1999	2024	2479	1	773	16661	Somerst	2Story	Poor	323988
95	9	3279	5	2	0	1987	1987	1612	2	977	9225	NAmes	1Story		527514
96	3	1078	4	1	1	2009	2009	603	0	190	3057	CollgCr	2Story	Fair	232164
97	3	3103	1	3	1	1999	1999	793	1	114	9587	NridgHt	2Story	Excellent	503091
98	7	3373	2	1	1	1981	2005	655	1	556	4702	NAmes	SLvl	Poor	445173
99	7	3866	1	3	1	1951	1985		1	952	20757	NAmes	1.5Fin	Poor	529259
100	2	3303	2	3	0	1970	1971	231	2	158	1704	OldTown	2Story	Typical	259576
101	9	1636	2	3	0	1959	1966	1850	2	487	10520	NridgHt	2Story	Fair	549398
102	2	3428	1	3	1	1951	1955	1385	1	407	26700	Somerst	1Story	Poor	411813
103	9	3787	1	1	0	1970	1986	183	0	318	17706	NAmes	2Story	Typical	568219
104	1	1700	3	3	0	1965	2001	1534	2	664	20632	OldTown	1.5Fin	Good	234556
105	8	909	4	1	1	1955	1967	1883	0	295	20553	NridgHt	1Story	Poor	440184
106	8	4049	2	2	1	1973	1973	1815	3	493	10002	CollgCr	SLvl	Good	618987
107	8	1006	5	1	0	1988	1988	1321	3	846	19521	Edwards	1.5Fin	Poor	399650
108	7	2835	2	2	1	1963	2001	838	0	379	7803	OldTown	SLvl	Good	418091
109	5	1368	5	3	1	1970	1976	409	1	21	19612	Somerst	2Story	Fair	405487
110	8	916	2	2	1	1951	1969	30	0	885	20968	Somerst	SLvl	Fair	401195
111	3	3584	3	1	1	1953	1961	899	1	274	26470	Somerst	2Story	Poor	408385
112	8	989	4	1	0	1961	2006	1581	0	773	27707	NAmes	SLvl	Excellent	494608
113	6	3148	1	3	0	1984	2015	94	3	763	2183	OldTown	1.5Fin	Typical	429357
114	5	3242	5	2	1	2000	2008	2497	0	526	10025	Somerst	1.5Fin	Good	554797
115	6	646	2	2	0	2009	2009	1465	2	87	17093	OldTown	1Story	Fair	301221
116	6	1109	3	2	0	1997	2005	736	2	951	10664	Somerst	SLvl	Poor	361805
117	1	3657	4	1	1	1996	1996	2406	0	681	19130	Edwards	1Story	Poor	335796
118	2	2480	4	2	0	2021	2021	460	3	424	25846	OldTown	1Story	Typical	371219
119	3	897	1	2	1	1969	1977	2394	0	854	8854	NAmes	2Story	Fair	263332
120	2	4467	5	3	0	2010	2010	704	3	788	26962	NridgHt	SLvl	Good	597517
121	5	1486	4	2	0	2021	2021	949	2	761	26638	Somerst	SLvl	Good	445383
122	7	416	5	3	1	1993	2025	1063	2	168	27550	NridgHt	SLvl	Fair	489069
123	7	4190	3	3	1	2013	2025	2488	3		3595	CollgCr	1.5Fin	Typical	619132
124	5	467	4	1	0	1960	1968	627	1	286	9855	CollgCr	SLvl	Fair	241776
125	9	2669	3	2	0	2016	2016	2433	1	78	5037	CollgCr	2Story	Good	590275
126	6	4472	5	2	0	1992	1992	867	0	338	4929	NAmes	2Story	Good	581752
127	1	2769	5	1	0	1966	2016	713	3	104	3014	CollgCr	1Story	Good	374482
128	8	2797	5	1	1	1954	2011	1596	1	105	14040	CollgCr	SLvl	Poor	497091
129	6	1991	3	3	0	2004	2004	1735	3	727	3985	NridgHt	2Story	Fair	506675
130	7	920	4	2	0	1982	1982	862	1	502	9929	CollgCr	1Story	Excellent	410052
131	6	2748	2	1	0	1973	1992	335	3	398	29469	Edwards	2Story	Fair	423083
132	6	4079	3	1	0	1979	2000	990	3	192	26691	Edwards	1.5Fin	Poor	498494
133	1	773	4	1	1	2025	2025	1351	1	771	28207	OldTown	2Story	Poor	205097
134	6	4010	1	1	0	1982	2007	100	1	634	2544	NridgHt	2Story	Poor	545654
135	8	2102	4	1	1	1955	1966	196	3	586	20336	NAmes	2Story	Good	469912
136	4	2598	1	3	0	1971	1971	2295	0	190	19566	NridgHt	1.5Fin	Poor	461208
137	7	1078	3	3	0	1961	1998	89	0	123	5283	Somerst	1.5Fin	Typical	372674
138	1	2949	3	2	1	2002	2002	1017	1	123	27327	CollgCr	1.5Fin	Fair	364770
139	4	1147	3	2	0	2010	2020	1910	2	25	13025	Somerst	1Story	Poor	347585
140	5	1520	3	3	0	2013	2013	820	0	970	29336	OldTown	2Story	Excellent	415063
141	10	3359	3	3	0	1998	1998	1237	1	368	4748	NridgHt	1.5Fin	Good	709612
142	3	607	3	1	0	2008	2008	216	3	658	20029	NAmes	1Story	Excellent	307574
143	3	2233	3	3	1	1981	1981	1986	0	983	5226	NAmes	1Story	Excellent	411554
144	5	2838	3	1	1	1997	2016	1586	0	937	28573	Edwards	2Story	Excellent	459874
145	10	941	4	1	0	1958	2012		1	320	18817	NridgHt	1.5Fin	Good	558287
146	9	1608	3	2	1	1990	1990	2160	0	490	3656	NAmes	1.5Fin	Typical	468546
147	1	1808	4	3	1	1992	2003	877	0	463	7622	Somerst	1Story	Good	295254
148	3	3121	5	1	1	1952	1977	102	0	33	11739	NridgHt	1.5Fin	Typical	409904
149	9	4405	5	1	0	1991	1991	866	0		1866	OldTown	1Story	Poor	536969
150	1	3829	1	1	1	2004	2014	363	3	574	1748	NridgHt	1.5Fin	Fair	451515
151	9	1178	4	2	0	1977	2013	1333	0	371	27877	Somerst	1.5Fin	Typical	509470
152	3	474	2	3	1	1991	1991	366	2	558	29464	CollgCr	1Story	Poor	279123
153	10	612	1	1	1	1971	1973		2	736	16782	NridgHt	2Story	Excellent	595811
154	3	2843	4	1	0	1970	2012	1506	2	14	27228	Somerst	SLvl	Excellent	473185
155	5	1040	1	1	0	1959	2019	632	2	646	20174	NAmes	2Story	Typical	314058
156	7	1348	5	1	1	1974	1974	2303	1	862	2299	Edwards	1.5Fin	Typical	403532
157	2	3875	4	1	0	2011	2013	1924	3	727	21863	Edwards	1.5Fin	Excellent	508196
158	6	3983	5	2	1	2021	2021	1094	0	620	2016	Somerst	1Story	Typical	569073
159	6	3840	4	2	1	1998	1998	366	0	90	24771	Somerst	SLvl	Good	541370
160	8	1440	5	2	0	1997	1997	859	3	745	11958	OldTown	2Story	Typical	395299
161	10	2941	1	3	0	1996	2001	1460	0	751	5525	CollgCr	SLvl	Fair	577872
162	7	2904	5	2	0	1986	2001	1915	0	494	8868	CollgCr	2Story	Good	498657
163	5	1159	1	1	0	1982	2000	655	0	583	20976	NAmes	1.5Fin	Poor	314624
164	5	2670	2	2	0	1997	2010	1857	0	619	25638	Edwards	2Story	Fair	427728
165	5	2554	1	1	0	2009	2021	707	0	121	17766	NridgHt	SLvl	Good	485289
166	9	2024	3	3	1	1981	2014	617	2	257	6073	NAmes	1Story	Good	492958
167	4	3482	4	1	0	1993	2006	1117	2	793	27155	Somerst	SLvl	Excellent	573658
168	2	3178	2	1	1	1985	2024	402	0	974	24034	Edwards	1Story	Good	337313
169	4	2584	5	3	1	1971	2001	1012	3	270	13181	CollgCr	SLvl	Poor	390739
170	1	3376	4	2	1	1972	2001	894	0	401	17302	CollgCr	1Story	Excellent	397397
171	2	3529	4	1	1	1955	1991	700	2	916	28972	CollgCr	1Story	Typical	413657
172	1	2725	5	3	0	1983	2008	1939	3	162	12256	Somerst	1Story	Poor	383181
173	8	1497	3	1	1	2004	2004	829	2	261	2234	CollgCr	1.5Fin	Typical	470796
174	8	3510	2	3	0	2002	2002	1738	1	55	5653	Somerst	2Story	Poor	594863
175	7	3342	5	3	0	2024	2024	1801	0	235	18609	OldTown	1.5Fin	Typical	526095
176	5	4432	3	2	0	1953	2019	1665	0	636	29935	NAmes	SLvl	Typical	547433
177	8	1014	4	2	1	2007	2007	673	3	348	22587	NAmes	1Story	Poor	405982
178	2	2119	2	2	1	2010	2010	2074	1	984	19113	OldTown	1.5Fin	Excellent	332493
179	10	4190	2	2	1	1983	1983	591	0	892	10705	OldTown	1.5Fin	Typical	574690
180	6	2510	1	1	1	1971	2017	693	2	896	14022	Somerst	2Story	Excellent	505626
181	10	4265	2	1	0	1977	2014	2188	2	727	2593		SLvl	Typical	608595
182	2	451	1	1	1	2001	2001	849	0	702	12077	NAmes	1.5Fin	Typical	173083
183	5	544	4	3	0	2015	2016	1743	0	510	19269	CollgCr	1Story	Excellent	406223
184	7	3664	1	1	1	1998	1998	105	0	991	27314	Edwards	1.5Fin	Fair	498149
185	5	1869	4	2	0	1989	2023	1536	0	95	27789	OldTown	2Story	Excellent	446726
186	5	2533	5	3	1	1999	2005	2172	2	723	24904	Somerst	1Story	Poor	470110
187	2	2155	4	3	0	1955	1955	1772	0	140	2112	NridgHt	SLvl	Excellent	392250
188	4	2073	3	1	1	1996	1996	1456	2	339	24619	OldTown	1Story	Good	354900
189	3	4252	1	1	0	1953	1980	2123	0		7730	Edwards	1Story	Typical	413139
190	4	785	5	3	0	2022	2022	745	3	601	19062	Somerst	1Story	Fair	369272
191	7	3566	1	1	1	2017	2017		2	787	28473	CollgCr	SLvl	Typical	562598
192	7	4048	4	1	0	1988	2024	173	1	79	26807	Edwards	1.5Fin	Typical	539818
193	7	3096	4	3	0	1978	2016	1746	1	602	20436	CollgCr	SLvl	Excellent	623862
194	4	2019	1	3	0	2005	2005	1809	0	221	10029	Edwards	2Story	Excellent	395324
195	10	1056	4	3	0	1998	1998	1879	0	77	16345	Somerst	1Story	Typical	520706
196	1	3199	1	3	0	2003	2003	1872	2	417	21556	NAmes	2Story	Fair	368571
197	4	2322	2	1	1	1989	2019	318	0	581	16155	CollgCr	1Story	Fair	356579
198	2	1012	5	1	0	1967	1975	1666	2	202	13027	NAmes	1.5Fin	Fair	226748
199	4	1874	5	1	0	1955	1955	1909	1	390	12981	NAmes	2Story	Poor	299534
200	10	4343	2	1	0	1971	1980	509	0	954	18600	NAmes	SLvl	Poor	607363
201	4	1488	5	3	1	1990	1990	1191	2	347	2519	Somerst	2Story	Good	406845
202	10	1131	5	1	1	1982	1997	2283	2	996	29948	NridgHt	2Story	Fair	622447
203	5	3196	4	2	0	1988	1988	1037	2	835	4408	OldTown	SLvl	Typical	440583
204	7	1218	1	3	0	1971	2020	1883	0	371	29559	NridgHt	1.5Fin	Good	530734
205	5	4172	2	3	0	2021	2021	1326	2	577	2508	Somerst	1Story	Good	578947
206	3	3922	4	1	1	1977	2024	1645	3	709	16110	Somerst	2Story	Fair	515976
207	8	4433	5	2	1	2014	2014	1566	1	465	13401	Somerst	2Story	Good	705278
208	10	4142	5	2	1	1979	1999	1628	3	408	17855	CollgCr	1.5Fin	Poor	722903
209	3	1399	3	3	0	1983	1983	1949	2	330	13857	Edwards	1.5Fin	Typical	307545
210	8	1270	2	2	1	1995	2003	2261	1	139	27074	Edwards	1.5Fin	Poor	434535
211	3	1805	5	1	0	1969	2006	739	3	24	1974	Edwards	SLvl	Typical	285539
212	8	2326	2	3	1	1966	1974	2321	3	337	29591	Somerst	1.5Fin	Poor	551019
213	8	4008	2	3	1	1978	2021	1570	0	796	21149	NAmes	2Story	Excellent	643563
214	5	3408	5	2	0	2011	2015	1489	3	233	23691	Somerst	1Story	Good	581392
215	8	3042	3	1	1	1960	2017	819	0	179	5484	Somerst	1.5Fin	Fair	526050
216	3	4002	2	2	1	1983	1983	1042	0		3357	NAmes	2Story	Good	444643
217	1	3048	1	3	0	2001	2004	1629	0	599	12815	OldTown	2Story	Fair	301245
218	1	1954	3	3	0	2003	2003	909	1	215	10695	NridgHt	SLvl	Typical	347182
219	5	2093	5	2	0	1983	1983	718	3	220	23815	NAmes	SLvl	Poor	373260
220	10	2520	3	1	1	1956	2023	2048	2		27052	NAmes	2Story	Typical	550704
221	2	764	4	2	0	1951	1961	1038	2	332	13683	Somerst	1.5Fin	Poor	262235
222	5	3441	2	3	0	1985	2015	1612	0	217	23398	CollgCr	SLvl	Poor	467685
223	8	3077	4	3	1	2011	2011	78	2	832	3197	Somerst	1Story	Typical	593179
224	3	3398	4	1	0	1952	1973	193	1	906	22654	NridgHt	2Story	Typical	462335
225	8	2589	4	1	0	2017	2017	2121	1	370	4331	OldTown	1.5Fin	Fair	480469
226	4	3610	4	2	1	2001	2001	355	1	85	20536	OldTown	2Story		384849
227	9	4294	3	1	1	1950	2004	1990	0	87	12391	OldTown	SLvl	Typical	557703
228	6	2737	2	3	1	1976	1985	2251	3	325	13335		2Story	Excellent	487673
229	6	2222	4	1	0	1966	2011	1203	2	463	9376	OldTown	1Story	Good	434840
230	2	829	5	2	0	2022	2022	2212	1	528	12992	Edwards	2Story	Poor	242613
231	5	3593	5	3	0	1992	1992	1068	0	304	26421	NridgHt	2Story	Excellent	643883
232	9	4107	2	3	1	1974	1974	2380	3	354	24555	NridgHt	SLvl	Typical	767227
233	1	3268	4	3	0	1971	1994	593	1	283	11199	NridgHt	1Story	Typical	404440
234	8	3949	1	1	0	1992	1992	1070	1	518	9873	NAmes	1Story	Poor	531582
235	5	3931	3	3	1	1950	1986	972	2	697	16010	CollgCr	1Story	Fair	506531
236	8	3672	3	2	1	1969	1991	1960	0	43	21018	Somerst	1.5Fin	Good	606418
237	7	2462	2	1	1	1962	1992	109	2	479	6696	Edwards	SLvl	Fair	390835
238	5	809	5	2	0	1997	1997	2071	3	649	22197	OldTown	1.5Fin	Poor	328465
239	4	413	5	2	1	2000	2000	58	1	673	28538	CollgCr	SLvl	Poor	271214
240	7	1238	1	2	0	1985	1988	789	0	564	25570	NAmes	SLvl	Excellent	426975
241	2	2167	2	1	1	1960	1971	1490	0	525	17126	CollgCr	1.5Fin	Excellent	353466
242	6	3449	2	2	0	1978	1978	363	0	681	10617	OldTown	1.5Fin		433075
243	1	2269	5	2	1	2014	2014	1225	2	378	10719	OldTown	1Story	Excellent	300781
244	7	494	3	1	0	1965	2021	2493	1	567	22644	Edwards	SLvl	Excellent	423786
245	7	1262	4	3	1	1962	2007	2058	0	319	14463	CollgCr	SLvl		423743
246	1	4415	5	1	0	1958	1998		2	438	4535	CollgCr	SLvl	Good	396691
247	8	4451	4	3	1	2012	2020	1479	0	124	20813	NridgHt	SLvl	Fair	703647
248	5	1946	1	1	0	1959	2018	1493	1	350	5434	OldTown	2Story	Fair	321224
249	8	3701	1	3	0	1994	1994	170	3	142	29627	CollgCr	1Story	Good	629853
250	1	3349	2	2	0	2025	2025	1626	0	226	13394	Edwards	SLvl		336598
251	2	4219	2	1	1	1998	1998	1303	0	419	11247	Edwards	2Story	Fair	398999
252	5	4039	4	1	0	1981	1997	1705	1	500	3073	Edwards	SLvl	Fair	480922
253	2	2978	1	3	0	1965	1971	744	2	942	6280	CollgCr	1.5Fin	Poor	346455
254	4	2018	2	3	1	1950	2014	639	0	26	28510	Somerst	2Story	Excellent	429963
255	7	2969	2	1	0	1961	2016	1840	3	899	16808	CollgCr	2Story	Good	562853
256	2	1708	1	2	0	2022	2022	1804	0	328	27204	NridgHt	1.5Fin	Excellent	455386
257	7	1827	1	2	1	1960	1986	404	3	724	28744	OldTown	2Story	Typical	385564
258	2	2896	1	1	1	1951	1964	541	2	678	2894	OldTown	2Story	Poor	210859
259	2	2743	3	2	1	2012	2012	1466	0	971	12352	OldTown	1Story	Fair	280049
260	6	2782	3	3	1	1981	1981	2073	0	108	25392	OldTown	1.5Fin	Fair	438144
261	8	1977	3	3	0	1977	1977	504	0	968	15627	Edwards	1Story	Excellent	490098
262	2	2077	3	3	0	2004	2004	548	1	62	16003	OldTown	1Story	Fair	241971
263	3	441	4	1	0	1989	1989	2020	1	878	17748	NAmes	1Story	Good	297667
264	10	2867	5	1	1	2019	2019	1742	2	652	21506	Edwards	1.5Fin	Poor	582246
265	10	2761	3	2	1	1985	1997	2256	1	482	28255	CollgCr	1Story	Excellent	703205
266	6	4235	4	1	0	2004	2004	1959	2	398	26778	NAmes	2Story	Good	599784
267	5	2468	4	2	1	2016	2016	2384	1	93	19315	NridgHt	1Story	Typical	521920
268	4	2317	4	1	0	1985	1985		1	802	17944	CollgCr	1.5Fin	Fair	379031
269	7	677	1	1	0	1971	2003	680	1	728	11788	Edwards	1Story	Fair	319429
270	6	1206	5	1	1	2024	2024	595	1	938	4815	CollgCr	1Story	Fair	377007
271	3	1786	1	1	1	1967	2022	138	3	731	21707	OldTown	2Story	Typical	249153
272	1	1946	3	3	1	1952	1954	1948	0	957	1573	OldTown	1.5Fin	Excellent	273467
273	2	1887	4	1	1	1993	2014	1655	1	887	21398	NAmes	1Story	Fair	290891
274	10	2016	3	3	1	2025	2025	215	3	426	15662	NridgHt	2Story	Good	679512
275	5	3553	2	1	1	1956	1956	495	2	704	23915	CollgCr	SLvl	Typical	460532
276	5	937	5	1	0	2014	2014	477	0	264	28554	Edwards	1.5Fin	Good	365151
277	5	1762	1	2	0	2013	2013	1007	3	796	17260	Edwards	SLvl	Good	361029
278	8	1067	2	3	1	2020	2020	1139	0	609	17820	OldTown	2Story	Poor	385583
279	1	1662	5	1	0	1982	2024	722	0	440	15390	Edwards	SLvl	Poor	223627
280	1	3207	4	1	0	1969	1969	2326	1	628	12129	Edwards	1Story	Excellent	357320
281	3	591	1	3	0	1988	1991	532	2	277	4033	NAmes	1.5Fin	Poor	199893
282	5	1792	4	2	0	1960	1965	1405	0	622	2381	Somerst	2Story	Typical	376477
283	7	497	5	2	1	2014	2014	1095	3	475	22106	NAmes	1Story	Good	412254
284	5	4316	1	3	0	2000	2000	969	0	322	27577	OldTown	SLvl	Typical	491620
285	5	3382	3	3	0	1986	1986	2065	3	976	3034	OldTown	1.5Fin	Poor	410745
286	10	1398	3	2	1	1989	1989	2446	0	63	10824	OldTown	1Story	Poor	441407
287	2	1212	1	2	0	2004	2004	14	1	758	18834	NAmes	1Story		269025
288	6	805	2	1	0	1989	1989	1159	2	210	21586	Somerst	1.5Fin	Excellent	433357
289	6	2339	1	1	0	2013	2013	298	1	222	22456	OldTown	1.5Fin	Fair	356163
290	5	3490	1	2	1	2020	2020	1084	2	154	21286	NAmes	1Story		506565
291	9	2795	3	1	0	2022	2022	1543	2	102	3890	NAmes	SLvl	Excellent	609422
292	3	4013	3	3	1	1997	2025		2	124	8735	Edwards	1.5Fin	Excellent	469574
293	10	1809	2	3	0	2006	2006	773	1	833	14873	Edwards	2Story	Typical	483905
294	4	1540	2	1	1	1973	2019	780	3	927	3317	Edwards	1Story	Good	306220
295	6	2360	1	2	0	1952	1964	749	2	585	11281		2Story	Excellent	500452
296	6	1228	4	1	1	1980	1980	814	1	13	12472	Somerst	2Story	Good	412903
297	9	4401	2	2	0	2016	2016	935	2	865	29376	NridgHt	1Story	Typical	762508
298	5	1161	5	1	1	1960	1973	1720	3	602	10538		2Story	Good	443504
299	3	2363	3	2	0	1991	2014	240	3	521	29185	NridgHt	1Story	Fair	424794
300	1	2540	5	2	0	1964	1985	102	2	948	21458	Somerst	1Story	Excellent	406755
301	4	633	4	2	0	1982	1982	1292	3	410	21230	OldTown	1Story	Poor	236889
302	9	2320	2	2	0	1960	2014	1705	3	360	24864	Edwards	2Story	Fair	516215
303	1	2264	4	1	0	2005	2005	647	1	780	25506	Edwards	2Story	Fair	241279
304	9	1463	2	3	1	2011	2011	503	2	527	7839	CollgCr	2Story	Fair	477149
305	6	924	1	3	0	2007	2007	1562	0	717	13496	Somerst	1.5Fin	Typical	426078
306	2	585	2	3	0	2003	2003	960	1	696	16555	Edwards	1.5Fin	Good	225150
307	4	435	2	2	1	1967	2001	1840	3	840	29338	Edwards	1Story	Excellent	360722
308	6	2374	1	3	0	1990	1990	366	1	317	2657	NridgHt	SLvl	Typical	440924
309	4	768	1	2	0	1957	2000	302	3	72	15088	Somerst	1.5Fin	Good	315481
310	2	4334	5	3	0	1978	1981	1382	1	478	7606	NridgHt	2Story	Typical	512739
311	7	1403	3	1	0	1988	2010	981	0	648	7394	NridgHt	1Story	Poor	472000
312	7	3075	3	1	0	2000	2016	1824	0	817	23210	Somerst	SLvl	Good	560718
313	2	3161	5	2	0	1957	1980	1265	2	267	7254	CollgCr	1.5Fin	Poor	363442
314	3	2432	2	2	0	2011	2017	886	1	746	24112	CollgCr	2Story	Typical	412541
315	3	4023	3	3	1	1984	1984	399	2	833	29827	CollgCr	1Story	Excellent	521647
316	7	853	5	1	0	2016	2016	408	0	809	23628	Somerst	1Story	Good	439313
317	8	1359	4	3	1	1990	2025	1890	1	808	6342	NridgHt	2Story	Typical	550651
318	8	1435	2	1	1	1991	1993	566	0	988	5558	NridgHt	1Story	Fair	448754
319	10	955	2	2	0	2002	2002	1256	1	661	13958		1Story	Excellent	556935
320	8	1608	1	3	0	2012	2012	2046	3	370	17205	Somerst	2Story	Excellent	611716
321	4	1682	1	2	1	1961	1971	2245	0	436	23683	NridgHt	1Story		422619
322	2	3536	1	3	1	1988	2002	669	2	747	13547	Somerst	2Story	Poor	404959
323	7	1636	4	3	0	1952	2012	274	0	236	6261	NAmes	SLvl	Typical	383141
324	10	3995	4	3	1	1986	2019	1937	2	603	29758	Edwards	SLvl	Good	711017
325	10	3568	3	2	1	2011	2011	1718	3	573	27280	OldTown	1Story	Excellent	701265
326	3	4097	4	2	0	2015	2015	828	1	667	20141	Edwards	1.5Fin	Excellent	487303
327	3	831	1	1	0	1971	1971	1484	0	421	21321	Edwards	SLvl	Fair	239297
328	1	4437	2	2	1	1979	1979	472	2	740	28154	CollgCr	1.5Fin	Fair	447184
329	2	2917	2	3	0	1991	1991	1752	1	71	15034	CollgCr	2Story	Excellent	447208
330	6	4428	5	2	1	1980	1994	1818	3	750	5642	NAmes	2Story	Fair	546997
331	6	1855	4	2	0	1963	1963	748	3	812	18770	CollgCr	1Story	Typical	410339
332	4	4308	5	1	1	1973	1981	1171	2	886	14350	Somerst	2Story	Fair	514783
333	4	2813	2	2	0	1980	1998	835	2	923	24293	Edwards	SLvl	Fair	385736
334	9	694	5	1	0	1989	2011	78	2	349	23491	NridgHt	1.5Fin	Typical	473124
335	5	2081	1	3	0	2019	2021	318	2	46	14936	NridgHt	2Story	Fair	475545
336	9	965	2	2	0	1991	1991	2400	1		11984	NridgHt	1Story	Typical	564128
337	10	4260	3	1	1	1979	1979	1140	3	90	13528	CollgCr	SLvl	Fair	667140
338	4	1648	1	1	0	2000	2016	369	1	280	19527	OldTown	1Story	Poor	247143
339	3	1311	5	3	1	2008	2008	110	0	703	19655	NAmes	1.5Fin	Good	304228
340	10	2667	5	3	1	1982	1982	883	2	595	16084	NAmes	2Story	Excellent	633483
341	7	2143	3	3	0	1987	2002	2458	2	607	16659	CollgCr	2Story	Typical	515340
342	3	797	2	1	1	1966	1966	962	3	751	29770	CollgCr	1Story	Fair	289686
343	7	3748	1	1	1	2015	2015	2499	1	164	8731	NAmes	2Story	Good	582146
344	6	3868	4	1	1	2015	2015	1224	1	791	6455	NridgHt	1.5Fin		625862
345	10	3446	3	3	0	1963	2025	1910	2	587	24277	Edwards	2Story	Typical	607478
346	3	2929	4	3	1	1976	1976	1964	1	420	28158	Edwards	1Story	Typical	403594
347	10	2050	4	3	1	1970	2015	70	3	464	18848	Edwards	2Story	Good	535543
348	10	2624	1	1	1	2020	2020	15	1	509	12945	NridgHt	1Story	Poor	594487
349	2	2536	1	1	0	1954	1954	2307	3	550	11432	NAmes	2Story	Poor	312098
350	2	1077	4	3	1	1965	2000	2332	1	334	14838	OldTown	SLvl	Poor	239205
351	6	735	1	3	0	1973	2001	331	0	223	2995	CollgCr	SLvl	Poor	319437
352	1	1438	5	3	0	1992	1992	1615	3	169	16565	Edwards	SLvl	Excellent	322257
353	3	2263	1	1	0	1968	1968	2310	2	341	9183	Edwards	1Story	Good	333496
354	5	1057	4	1	1	1990	1990	2377	2	260	9063	Somerst	2Story	Good	410619
355	10	837	5	1	1	2006	2006	741	2	516	17470	Edwards	1Story	Good	446685
356	10	3893	3	3	0	2012	2012	2044	1	913	28965	CollgCr	2Story	Poor	712124
357	2	1937	1	3	1	1957	2003	1616	3	108	7367	Edwards	1.5Fin	Fair	268747
358	9	2795	5	2	0	1960	1960	2320	1	309	27478	NridgHt	SLvl	Good	675413
359	1	2549	1	1	0	1957	2009	366	3	49	16303	Edwards	2Story	Typical	267439
360	8	3414	3	3	1	2019	2019	1503	1	975	29228	Edwards	1Story	Typical	566538
361	9	3433	5	1	1	1999	2004	61	0	701	12393	CollgCr	2Story	Good	579298
362	9	1614	4	3	1	1990	2021	893	0	241	29913	NAmes	2Story	Poor	500514
363	3	3877	1	3	1	2010	2021	28	3	414	20309	CollgCr	1.5Fin	Good	497612
364	9	1922	5	3	0	1994	1994	1107	2	723	20589	NAmes	1Story		534382
365	2	3825	1	3	1	1967	1975	2028	1	958	17552	OldTown	1.5Fin	Typical	382769
366	6	2060	4	2	0	1988	2007	1645	3	574	14373	NridgHt	2Story	Typical	550338
367	5	855	4	2	1	2003	2003	792	2	271	16466	OldTown	1.5Fin	Poor	295644
368	4	3516	2	1	0	1952	2006	1067	2	697	25746	Edwards	SLvl	Fair	382390
369	1	523	3	3	0	1996	2008	918	2	686	24082	NridgHt	1Story	Fair	324573
370	8	3567	1	3	0	1987	2025	1829	0	644	2178	Somerst	SLvl	Excellent	664047
371	4	577	5	1	1	1955	1975	665	0	46	21297	Edwards	1Story	Poor	201149
372	7	1248	2	3	0	1970	1976	229	2	707	25281	Somerst	SLvl	Fair	407090
373	5	2874	2	1	1	1984	1984	1267	0	19	22708	CollgCr	2Story	Poor	432460
374	4	4261	3	2	1	1976	1976		2	906	15673	OldTown	1.5Fin	Fair	472510
375	9	2075	4	1	0	1972	1972	1193	0	882	11062	OldTown	SLvl	Poor	391903
376	1	894	3	2	1	1999	1999	510	1	564	20687	Somerst	1.5Fin	Fair	243135
377	8	1355	3	2	0	1980	1982	115	2	646	20415	OldTown	2Story	Good	465346
378	8	4074	3	2	0	1987	2015	2360	2	67	12160	NridgHt	SLvl	Good	713013
379	4	3380	5	3	1	2010	2010	1902	3	875	13081	CollgCr	2Story	Fair	497282
380	3	811	2	3	0	1957	2005	389	2		12006	CollgCr	1.5Fin	Good	268441
381	1	1978	5	2	0	1977	1977	184	0	262	2782	Somerst	1.5Fin		319400
382	10	1484	4	3	0	1955	1985	323	3	708	2403		2Story	Excellent	587469
383	10	1129	5	2	1	2020	2020	941	0	939	3867	Somerst	1Story	Excellent	604157
384	3	3871	5	1	0	1964	1968	2030	0	494	13578	CollgCr	2Story	Fair	438294
385	1	2933	4	1	0	2012	2012	399	3	508	16047	NAmes	SLvl	Typical	354520
386	2	1136	2	1	1	1964	2005	2047	0		13138		1.5Fin	Good	271354
387	1	3068	4	3	0	1974	2010	4	2	291	28723	OldTown	1.5Fin	Fair	301306
388	9	2096	4	2	1	1996	2014	1847	1		7906	OldTown	2Story	Typical	495938
389	9	652	2	2	0	2013	2013	706	3	961	12699	NridgHt	1.5Fin	Typical	549585
390	2	2244	4	2	1	1963	1980	2402	0	383	8548	NridgHt	2Story	Fair	393253
391	8	1159	2	3	1	1966	1979	1190	0	773	10043	Somerst	1Story	Poor	413763
392	2	1405	3	2	0	2017	2017	676	1	774	18148	NAmes	1Story	Poor	255564
393	4	4004	4	1	0	1974	1981	607	1	851	10332	NAmes	2Story	Good	427145
394	6	3312	1	1	1	1965	1980	2067	3	724	10556	OldTown	1.5Fin	Excellent	465078
395	8	949	2	2	1	2006	2006	1007	2	922	20619	Edwards	2Story	Good	454006
396	9	3891	4	2	0	1956	1986	880	0	715	25163	Somerst	1Story	Fair	616035
397	1	2755	3	3	1	2015	2015	1839	3	977	7558	CollgCr	2Story	Poor	361143
398	2	3986	5	2	0	2016	2016	1344	1	716	4674	NAmes	2Story	Good	460168
399	3	3463	1	3	1	2015	2017	1660	3	837	8325	CollgCr	1.5Fin	Poor	474095
400	4	1791	4	2	1	1972	2008	1114	3		17963	Somerst	2Story	Typical	424453
401	10	2593	5	2	1	1958	1986	160	0	984	28852	NridgHt	2Story	Excellent	715651
402	8	2577	5	2	1	1982	2024	14	2	595	6061	NridgHt	1Story	Poor	558277
403	4	3352	1	2	0	1975	2024	97	1	710	2718	Edwards	1.5Fin	Typical	379021
404	10	1418	5	3	1	2022	2022	1436	1	968	16555	NAmes	SLvl	Excellent	597819
405	5	1765	2	1	1	1998	2008	1284	1	380	29742	NridgHt	1.5Fin	Fair	437066
406	6	1403	2	2	1	2021	2021	1869	2	119	17248	NAmes	2Story	Excellent	483529
407	5	1614	2	1	1	2007	2016	2237	1	885	27848	CollgCr	2Story	Excellent	436329
408	2	1061	4	3	1	2004	2004	436	0	632	19806	NridgHt	2Story	Typical	330474
409	10	549	4	3	1	1958	1969	2394	1	428	2400	Edwards	1Story	Fair	423954
410	1	4255	3	2	1	1955	1960		0	717	13682	CollgCr	1Story	Good	422432
411	2	704	1	3	1	1953	2014	1540	3	32	23447	Edwards	SLvl	Good	246609
412	3	4041	5	2	0	1995	1995	1326	2	477	16020	NAmes	SLvl	Typical	494082
413	3	412	2	1	0	1965	2011	441	1	265	7051	CollgCr	SLvl	Poor	213244
414	2	3587	1	2	0	2025	2025	445	1	288	6657	NridgHt	1.5Fin	Good	465035
415	1	1746	3	3	0	1960	1988	46	0	970	20411	CollgCr	SLvl	Fair	240131
416	7	2522	3	1	0	2021	2021	1615	1	550	14696	NridgHt	2Story	Poor	523409
417	10	1557	4	1	0	2000	2000	1083	3	140	17863	Edwards	2Story	Poor	484600
418	2	2411	5	1	0	1958	1962	479	0	365	12131	Edwards	1Story	Typical	252827
419	3	2251	1	3	1	1954	1955	334	0	242	11163	Somerst	1Story	Poor	272738
420	6	2572	2	2	0	1980	1980	158	3	910	20485	Edwards	1.5Fin	Fair	414436
421	10	2012	3	3	1	1975	1985	1603	2	291	1721	NAmes	1Story	Fair	523429
422	7	2600	4	3	0	1973	2010	1713	0	357	13892	NridgHt	SLvl	Typical	583751
423	8	3785	4	2	0	1990	1990	1579	1	334	12065	OldTown	SLvl	Good	558921
424	6	2182	2	3	1	1959	1968	276	2	175	23712	Edwards	2Story	Typical	384976
425	5	1881	4	1	1	1959	1969	103	1	780	22260	Edwards	1.5Fin	Typical	367190
426	2	940	5	1	1	2002	2002	265	1	576	13641	Edwards	1Story	Poor	190700
427	9	1875	3	2	1	2025	2025	1879	2	437	8987	OldTown	2Story	Poor	484936
428	9	915	5	2	1	1970	2018	1850	2	396	8219	NridgHt	1Story	Excellent	581728
429	1	1148	4	1	1	2020	2020	737	3	667	7521	CollgCr	1Story	Good	298328
430	8	4305	2	1	0	1976	1993	138	0	95	9300	Edwards	1Story	Poor	467784
431	1	766	2	1	1	1975	1975	799	1	932	23177	Edwards	SLvl		166539
432	8	2376	4	3	1	1956	1964	2025	0	565	2790	Edwards	1.5Fin	Poor	415959
433	9	3821	2	3	0	1982	2014	358	2	227	2244	NAmes	SLvl	Poor	538642
434	2	4309	2	3	0	1987	1987	1991	2	538	16888	OldTown	SLvl	Fair	437095
435	5	1001	2	2	1	2000	2000		1	852	7868	NAmes	SLvl	Good	336859
436	2	1070	4	2	0	1962	1994	353	2	173	25180	Edwards	SLvl	Good	257931
437	6	1928	2	3	1	1964	1964	2335	1	524	22938	Somerst	1Story	Good	522464
438	10	2673	4	2	0	1982	1988	1296	0	598	23420	Edwards	SLvl	Poor	524019
439	1	4336	5	1	0	1955	1976	1679	2	810	14525	Somerst	1.5Fin	Poor	438598
440	4	1251	5	2	0	1960	1961	241	1	567	13977	OldTown	1Story	Typical	261511
441	10	1074	5	3	1	1997	1997	929	1	737	13629	CollgCr	1Story	Excellent	568995
442	4	1438	1	2	0	2022	2022	1582	1	774	7089	OldTown	SLvl	Good	340830
443	2	3985	3	3	1	1993	1993	1614	3	892	17669	CollgCr	SLvl	Good	531931
444	5	523	2	3	1	1961	1991	157	0	361	26110	Somerst	2Story	Poor	289248
445	6	1958	5	1	0	2025	2025	1511	1	704	8814	Somerst	1Story	Excellent	508419
446	7	887	4	3	1	1989	1989	2362	2	249	3118	OldTown	2Story	Excellent	408282
447	4	1044	2	2	0	2004	2023	1966	0	845	17594	Somerst	1Story	Typical	388743
448	10	4159	3	2	1	1964	1996	519	0	952	12878	NAmes	1.5Fin	Fair	626931
449	6	406	4	1	0	1993	2008	2282	2	294	24228	NAmes	2Story	Good	371605
450	3	1718	3	2	0	1955	1955	1707	2	561	25914	CollgCr	1Story	Good	326261
451	10	4154	3	1	1	1997	2008	142	2	823	28594	OldTown	SLvl	Excellent	657153
452	10	2893	1	1	1	1965	1975	320	0	27	12705	CollgCr	SLvl	Poor	519696
453	5	694	3	3	1	2019	2019	2304	3		27200	Edwards	SLvl	Typical	380499
454	1	2307	2	1	1	1954	2011		1	821	4859	Somerst	SLvl	Good	314644
455	6	4381	5	2	0	1999	1999	241	0	872	12123	OldTown	1Story	Fair	479216
456	6	2042	5	1	0	1960	1969	1127	1	196	9079	OldTown	SLvl	Excellent	420100
457	2	2567	4	1	0	2002	2002	1314	0	757	27809	NAmes	SLvl	Poor	325897
458	7	2581	1	2	1	1987	1995	1433	1	786	18601	CollgCr	SLvl		488475
459	9	3108	5	3	0	2023	2023	1647	1	2	11927	Somerst	2Story	Good	660530
460	2	1167	2	3	0	1999	1999	2498	1	705	5833	Somerst	2Story	Poor	309893
461	8	3843	3	2	0	1978	1978	1898	1	626	23815	NAmes	SLvl	Typical	593869
462	2	4454	5	2	0	1956	1974	64	3	969	20166	NAmes	1Story	Fair	401772
463	8	984	5	3	0	1995	1995	221	3	43	25810	Somerst	1.5Fin	Good	505993
464	5	3755	1	1	0	1983	2019	0	1	966	13988	CollgCr	SLvl	Poor	460600
465	1	3750	2	3	0	1953	1959	988	3	571	5772	Edwards	SLvl	Fair	346031
466	10	3441	4	1	1	1994	1994	876	3	274	11030	Somerst	1.5Fin	Excellent	706889
467	2	1920	3	1	0	1965	1998	2334	3	387	19172	Somerst	SLvl	Fair	336556
468	6	2322	2	2	0	1967	1967	915	0	767	8366	Edwards	SLvl	Typical	360699
469	2	3841	3	1	1	1950	2017	76	1	997	3515	OldTown	SLvl	Excellent	366374
470	10	1026	5	3	0	1978	2019	2210	1	317	24965	Somerst	1Story	Good	586252
471	8	3798	2	3	0	1966	1978	650	0	984	16620	Somerst	1Story	Good	608842
472	9	4175	4	2	0	1955	2006	2282	0	629	12805	NridgHt	2Story	Excellent	734952
473	5	3196	4	3	0	1983	2007	1936	2		17256	Edwards	2Story	Good	468626
474	5	1800	5	3	1	1966	2001	2202	1	598	22547	NridgHt	2Story	Excellent	512149
475	7	2693	2	3	0	1960	1964	2050	3	802	1538	Somerst	1Story	Typical	471934
476	8	605	2	3	0	1985	1985	358	2	54	14050	NAmes	1.5Fin	Excellent	423321
477	9	4221	3	2	0	1954	1976	1566	0	78	8746	CollgCr	1Story	Good	671770
478	1	1804	3	1	0	2025	2025	1030	3	5	4118	Somerst	SLvl		333914
479	7	634	3	3	1	1985	1985	1572	1	570	2525	NAmes	1.5Fin	Typical	347822
480	2	3658	4	2	0	2025	2025	1865	2	57	14054	Somerst	SLvl	Fair	468487
481	3	3096	4	3	1	2016	2016	1252	3	933	17003	OldTown	1Story	Fair	377957
482	9	2953	2	3	1	2024	2024	781	2	128	15969	CollgCr	2Story	Fair	564716
483	3	621	4	1	1	1991	1991	2291	0	71	23815	Edwards	SLvl	Typical	232000
484	8	3479	2	2	1	1982	1982	1658	0	257	14548	NridgHt	2Story		610288
485	5	3013	3	1	1	2004	2004	2214	1	763	18312	NridgHt	1.5Fin	Good	570441
486	3	3654	1	1	1	1956	2009	593	0	907	24763	OldTown	1Story	Fair	355628
487	4	3792	2	3	1	2013	2013	2096	0	251	20233	NAmes	SLvl	Typical	501159
488	6	1269	5	3	0	1974	1974	808	3	519	27460	NridgHt	2Story		453671
489	8	1263	3	3	0	1950	1991	1151	0	774	7815	NridgHt	SLvl	Fair	480053
490	7	4188	4	3	0	1968	1968	2151	0		23923	Edwards	2Story	Fair	537643
491	10	2577	1	2	1	1968	1968	887	2	153	21357	Edwards	1Story	Excellent	550938
492	9	2196	4	2	1	1951	1952	626	0	839	18109	Edwards	1.5Fin	Typical	433517
493	8	1577	2	3	0	2000	2000	2289	1	868	1606	NAmes	2Story	Poor	451045
494	7	3020	4	2	0	1957	1983	2411	3	735	16931	NAmes	2Story	Fair	512425
495	3	3491	5	2	0	2014	2014	778	2	527	25967	NAmes	SLvl	Good	430969
496	5	409	3	1	1	1984	1996	765	3	391	19872	NridgHt	2Story	Poor	358798
497	2	2666	1	3	1	2004	2004	569	1	890	1645	NAmes	2Story	Poor	276785
498	4	4473	3	3	1	1975	2016	58	2	864	9703	Edwards	1.5Fin	Fair	491073
499	10	1550	1	3	0	1960	2019	1382	0	518	17726	OldTown	1Story	Fair	442208
500	5	1551	3	2	0	1963	1963	637	1	742	24638	NAmes	SLvl	Typical	355232
501	2	4001	1	1	0	1999	2019	2123	0	400	14180	NridgHt	1Story	Poor	489782
502	7	654	4	1	1	2004	2004	428	3	743	25921	NAmes	1Story	Good	390962
503	10	2030	2	2	1	1970	1970	1588	0	89	24182	NridgHt	1Story	Fair	592365
504	9	2279	2	3	1	1977	1990	1267	0	902	9115	Somerst	2Story	Good	578709
505	3	3672	1	3	0	2021	2021	1530	1	516	7056	Somerst	1.5Fin	Typical	483449
506	5	929	5	3	0	2014	2014	281	1	599	27231	NAmes	1.5Fin		349680
507	6	2180	5	2	1	1981	1981	1166	1	189	18292	NridgHt	SLvl	Typical	486155
508	3	1024	5	3	0	1968	1986	1565	1	529	25689	Edwards	SLvl	Poor	269967
509	3	3630	1	3	1	1972	2011	852	1	3	27781	OldTown	2Story	Good	401862
510	3	2992	2	1	0	1990	2020	2188	3	891	13598	Somerst	SLvl	Fair	455120
511	10	2437	5	3	0	1993	1993	1324	2	749	2803	OldTown	1Story	Fair	540376
512	8	2011	3	1	1	1963	1991	906	3	454	27407	CollgCr	1Story		487050
513	9	1028	1	2	0	1955	1986	77	3	836	18132	CollgCr	2Story	Fair	440147
514	9	4180	1	3	0	1987	1987	421	2	812	4932	Edwards	1.5Fin	Fair	583591
515	10	3056	2	2	1	2010	2010	1191	3	119	16599	Edwards	1Story	Fair	593138
516	2	1708	5	3	0	1961	2025	1000	0	53	2297	CollgCr	SLvl	Excellent	365401
517	9	2097	1	1	0	1981	1981	2179	3	253	9759	CollgCr	2Story	Fair	517199
518	1	3378	5	2	1	1962	1962	1965	1	1	11414	NridgHt	2Story	Poor	407050
519	5	3350	4	3	0	1968	2019	397	2	573	14449	Edwards	1.5Fin	Typical	461632
520	6	2290	5	2	0	1996	2020	1479	0	528	17615	NridgHt	2Story	Fair	511077
521	4	1642	5	3	0	1971	1974	1136	0	538	25423	CollgCr	2Story	Typical	344359
522	2	3106	2	2	0	1970	1988	252	3	73	11516	CollgCr	SLvl	Good	387943
523	2	3099	5	3	0	2025	2025	1665	1	919	22457	CollgCr	2Story	Poor	417763
524	9	2859	1	2	1	1963	1988	1343	0	977	28349	Edwards	1Story	Typical	505312
525	4	698	2	3	0	1964	1986	218	2	591	22833	Somerst	1.5Fin	Poor	303851
526	4	2338	2	1	0	2020	2020	1170	0	5	8759	Edwards	1.5Fin	Poor	342821
527	10	2917	1	1	0	1991	2012	1829	1	396	20816	CollgCr	1Story	Poor	550311
528	2	4296	1	1	0	1953	1988	818	2	718	9514	NridgHt	SLvl	Poor	466775
529	10	2555	1	3	1	1982	1982	892	2	749	15120	Edwards	2Story	Fair	486130
530	10	1805	1	1	0	1992	1992	275	1	243	19593	OldTown	1Story	Excellent	492297
531	6	2679	2	1	0	1969	2001	511	1	823	9857	NAmes	1Story		495749
532	2	1126	1	3	0	1991	1991	2453	3	968	1610		1.5Fin	Poor	236278
533	2	771	1	2	0	1999	1999	1552	0	509	25359	Edwards	1Story	Excellent	276453
534	3	3180	5	1	0	1969	2000	440	0	381	22236	NridgHt	2Story	Good	486787
535	6	4444	1	1	1	2011	2011	1207	0	526	5009	CollgCr	1.5Fin		519136
536	2	3869	1	1	1	1984	1993	482	3	27	12258	NAmes	SLvl	Good	399616
537	5	2793	1	3	0	2023	2023	1107	1	523	8958	NridgHt	2Story	Typical	525386
538	2	565	1	2	1	1956	1966	364	0	26	29366	Edwards	SLvl	Fair	190328
539	6	4451	3	3	0	1974	1991	1547	0	34	28342	NAmes	2Story	Typical	534770
540	1	2243	5	1	0	2004	2004	1426	0	553	21206	NAmes	SLvl	Good	309200
541	8	1587	4	2	1	2018	2018	1584	3	511	14062	OldTown	2Story	Good	464961
542	1	4060	3	1	1	1966	1998	1109	1	987	2988	Edwards	1Story	Poor	301190
543	2	3460	1	2	0	2024	2024	715	0	508	8537	CollgCr	1.5Fin	Excellent	462334
544	2	3474	4	2	1	1964	1980	624	0	980	4139	OldTown	SLvl	Fair	307357
545	9	1539	1	3	0	1981	1999	538	2	807	24001	Somerst	SLvl	Excellent	562540
546	1	4467	4	2	1	1973	1973	1073	2	337	4012	NridgHt	SLvl	Fair	458132
547	5	2257	3	3	1	1982	1982	1129	3	927	20809	OldTown	1Story	Poor	364972
548	6	2579	5	2	1	2018	2018	1684	0	483	28650	OldTown	1.5Fin	Excellent	500873
549	6	3479	2	1	1	2005	2022		0	595	10276	OldTown	1.5Fin	Typical	409176
550	7	3106	4	3	1	2010	2010	704	0	100	20996	NAmes	1.5Fin	Fair	498148
551	9	1106	3	2	1	1969	2009	2132	1	212	26555	NAmes	1Story	Poor	442264
552	4	1640	3	1	1	2021	2021	2289	2	522	13687	NridgHt	1Story	Poor	423678
553	9	1881	5	3	0	1983	1987	2328	2	271	14292	NAmes	1.5Fin	Poor	505658
554	4	4285	4	3	0	1999	1999	766	0	600	7213		SLvl	Excellent	573019
555	10	3330	3	1	0	2003	2003	342	2	79	13684	CollgCr	1Story	Poor	568789
556	6	1902	3	3	1	2000	2000	495	2	251	26399	Somerst	1Story	Poor	445606
557	8	3413	4	3	0	1995	2007	329	0	665	20406	NridgHt	2Story	Excellent	719867
558	9	3428	2	3	0	1986	1986	2387	2	612	7244	Somerst	2Story	Excellent	731885
559	8	2016	1	1	1	1999	2008	2209	1	984	16506	Somerst	SLvl	Fair	505302
560	9	2053	3	2	0	2018	2018	2027	0	900	21641	CollgCr	SLvl	Good	564964
561	6	4067	1	2	1	1979	1991	1825	1	811	3704	Edwards	1.5Fin	Typical	483643
562	1	2704	1	2	1	1988	1988	858	3	0	23255	Edwards	SLvl	Typical	320013
563	5	1013	3	2	0	1963	1999	1189	2	603	7235	OldTown	1Story	Fair	271689
564	2	3351	4	2	0	1976	2025	2104	1	229	9897	NAmes	SLvl	Good	412474
565	9	2817	4	2	0	2008	2020	2036	3	267	13366	NridgHt	2Story	Excellent	756544
566	3	2487	2	3	0	1998	2019	1297	1	210	15890	CollgCr	2Story	Good	412575
567	3	3373	3	2	0	1966	1966	2094	1	456	27607	NridgHt	1Story	Excellent	566108
568	3	4119	1	1	0	1991	1994	867	0	124	7855	NridgHt	1Story	Poor	468567
569	7	1755	4	1	0	2011	2011	1034	3	532	8791	NAmes	1Story	Good	448200
570	6	2119	2	3	0	1959	2023	2099	3	166	12299	Somerst	2Story		558191
571	10	1177	4	3	1	1954	2022	941	0	500	25933	Edwards	1Story	Typical	456480
572	5	3053	5	2	1	1979	2015	1881	2	626	29007	CollgCr	1Story	Excellent	592323
573	3	2051	4	1	0	1999	1999	1133	3	179	14453	Somerst	1.5Fin	Fair	364232
574	1	1804	2	3	1	1973	1974	744	2	102	21255	NAmes	SLvl	Excellent	299927
575	1	3256	5	1	0	2012	2012	547	0	807	27642	CollgCr	1Story	Excellent	405582
576	4	2073	4	2	0	2014	2014	1517	3	739	25629	NridgHt	1.5Fin	Good	503941
577	10	2304	4	1	0	1990	1990	1199	1	261	20916	Somerst	SLvl	Good	595249
578	6	2204	5	1	0	1978	1978	923	1	887	16907	NAmes	2Story	Typical	370048
579	9	1460	5	3	0	1953	1960	1858	1	221	29554	NAmes	1Story	Fair	472077
580	2	915	1	2	0	2012	2012		3	927	8312	CollgCr	1Story	Typical	249620
581	1	3792	5	1	0	2018	2018	230	2	113	11839	NAmes	SLvl	Excellent	430143
582	9	776	4	2	0	1983	1987	2405	2	660	21817	CollgCr	2Story	Poor	476944
583	2	1732	2	1	1	1989	2011	1659	3	19	2095	Edwards	1Story	Fair	244795
584	1	3137	2	2	1	2007	2007	1374	3	197	15766	NAmes	SLvl	Typical	351594
585	5	938	4	2	1	2002	2007	36	3	405	25852	CollgCr	SLvl	Fair	355519
586	10	3088	2	2	1	1960	1970	1496	3	85	6540	CollgCr	1.5Fin	Good	642875
587	7	3406	3	3	1	2001	2020	1087	3	457	24389	NridgHt	1Story	Fair	624419
588	1	3118	4	1	0	2020	2022	1500	3	232	13254	NridgHt	1Story	Good	455223
589	9	1650	4	1	0	2007	2007	102	2	99	26025	NridgHt	1Story	Poor	514943
590	9	481	5	2	0	1986	1986	1377	0	962	19593	OldTown	1Story	Fair	355774
591	9	4039	1	3	0	1989	1989	1445	0	982	5979	Edwards	1.5Fin	Good	608880
592	10	1739	2	2	1	1969	1969	725	3	963	22457	Edwards	2Story	Typical	503152
593	3	3701	5	1	0	2000	2025	136	1	154	3100	NridgHt	SLvl	Good	519683
594	10	1211	3	3	1	1968	1968	2429	3	382	8432	Somerst	1Story	Good	591833
595	4	1066	2	2	1	1975	1983	1774	3	327	26820	NridgHt	1.5Fin	Fair	452116
596	9	3591	2	1	0	1970	1986	1554	2	326	26466	Edwards	SLvl	Typical	569926
597	6	4253	2	2	1	1975	2001	1918	3	417	2820	NridgHt	1Story	Excellent	675223
598	8	3929	3	1	0	1977	2014	1677	1	510	12317	Somerst	1.5Fin	Excellent	641931
599	7	3480	2	3	0	1956	1992	336	1		4182	Somerst	1.5Fin	Poor	513397
600	7	1411	4	1	0	2004	2007	1137	3	291	9227	Edwards	1Story	Good	422893
601	7	4145	3	2	0	1983	1993	2222	3	980	29073	OldTown	2Story	Typical	594735
602	8	3138	4	2	1	2022	2022	719	0	980	7061	Edwards	SLvl	Poor	474999
603	8	1106	1	1	0	1963	1963	2431	3	331	19782	OldTown	SLvl	Good	422939
604	2	930	4	2	0	2000	2000	160	1	221	24419	Edwards	2Story	Poor	200498
605	9	3972	5	1	0	1963	1982	827	3	533	26608	CollgCr	1Story	Fair	629028
606	6	1528	1	2	0	1991	1991	875	2	369	11594		1Story	Good	425232
607	4	3540	2	3	1	1987	1987	1544	2	988	21361	Edwards	SLvl	Excellent	530027
608	6	968	4	3	1	1984	1985	440	0	429	15277	Somerst	1.5Fin	Typical	424276
609	10	1550	4	1	0	1999	1999	573	1	39	4559	CollgCr	2Story	Excellent	522513
610	9	1562	4	1	1	2012	2012	1655	2	125	7850	Somerst	1Story	Excellent	594698
611	9	1552	3	2	0	1974	2023	711	3	74	22823	Somerst	SLvl	Typical	474904
612	5	3167	4	3	0	2014	2014	2198	0	383	21054	NAmes	2Story	Poor	479641
613	8	4149	4	3	1	1964	1964	2176	0	316	16351	OldTown	1.5Fin	Good	551065
614	4	4133	1	1	0	1972	1981	757	2	857	23760	Somerst	SLvl	Poor	469352
615	7	3441	4	1	0	1973	2005	1400	1	891	21201	NridgHt	1.5Fin	Excellent	636704
616	7	1230	3	1	0	2022	2022	832	3	140	11173	Somerst	SLvl	Fair	438297
617	3	4339	1	1	0	1959	1984	862	0	945	9877	OldTown	1.5Fin	Good	413276
618	3	2623	3	2	1	1980	1983	1676	1	584	28435	CollgCr	2Story	Good	396233
619	1	2639	3	3	0	1982	1982	733	0	307	29198	NridgHt	SLvl	Typical	384856
620	2	3276	1	1	0	2010	2010	373	2	407	2372	NridgHt	1.5Fin	Excellent	465130
621	5	3554	5	3	0	1986	1986	648	3	441	24037	NridgHt	SLvl	Good	630425
622	5	4307	2	2	1	2023	2023	2324	0	170	5289	CollgCr	1Story	Excellent	611473
623	2	2788	2	2	1	2006	2006	648	1	868	26045	OldTown	1.5Fin	Poor	281680
624	5	2901	3	3	1	2003	2003	909	3	12	18281	CollgCr	1.5Fin	Typical	477283
625	7	3457	5	1	1	2007	2015	1572	0	69	21102	NridgHt	1Story	Excellent	698285
626	3	1446	4	3	1	1962	1988	253	3	273	21490	NridgHt	2Story	Excellent	450313
627	4	1661	4	1	1	1984	1984	671	3	143	18740	CollgCr	SLvl	Typical	344051
628	4	2965	2	2	1	1994	2021	436	0	61	8644	CollgCr	1.5Fin	Poor	374943
629	6	662	5	3	0	1965	2000	2311	0	383	24505	Edwards	SLvl	Fair	340900
630	4	1714	5	2	0	1959	1982	2332	2	377	17291	OldTown	1Story	Typical	324100
631	8	3344	3	1	0	1960	1960	1890	0	125	17034	OldTown	1Story	Good	474377
632	4	4403	3	2	0	2009	2009	618	2	811	10574	OldTown	SLvl	Excellent	501099
633	5	2530	1	2	0	1999	1999	1541	0	883	1786	Somerst	2Story	Poor	441565
634	4	2039	4	1	1	1971	1971	1656	2	720	17292	NridgHt	SLvl	Fair	432945
635	2	2205	5	3	1	2006	2006	2174	1	522	11335	NridgHt	SLvl	Fair	428662
636	7	3210	3	1	0	2002	2002	390	2	948	20291	OldTown	2Story	Excellent	529405
637	3	2632	3	2	0	2012	2025	1841	3	350	11889	Somerst	SLvl	Poor	461523
638	3	495	3	2	0	2019	2019	485	1	427	29226	Somerst	SLvl	Fair	299130
639	8	2611	1	1	1	2017	2018	1422	2	15	20905	CollgCr	1Story	Fair	552302
640	10	2040	4	3	0	1963	1991	2198	2	708	14487		1Story	Poor	565723
641	7	3273	4	2	0	2008	2008	155	3	92	21684	OldTown	1Story	Good	507271
642	10	3988	5	1	0	1979	2004	370	0	666	19974	Edwards	1.5Fin		598027
643	9	4347	5	2	1	1980	1984	2033	0	783	19186	Somerst	1Story	Typical	677230
644	5	2902	3	2	0	1999	1999	46	1	217	17974	NridgHt	2Story	Excellent	545886
645	8	1886	5	2	1	1995	1995	1713	2	612	28059	NridgHt	2Story	Typical	610740
646	4	2220	3	3	1	1981	2000	1253	3	303	10550	Somerst	1Story	Fair	407449
647	5	1123	4	2	0	2025	2025	866	1	398	13822	Edwards	2Story	Fair	326199
648	6	4238	4	3	1	1963	2003	2157	0	530	8712	OldTown	1.5Fin	Excellent	578752
649	10	3874	5	2	1	1957	2024	2123	2	249	17731	OldTown	SLvl	Typical	613755
650	9	3902	4	2	1	1952	1981	815	2	797	29655	NridgHt	2Story	Poor	689827
651	5	1745	1	1	0	2011	2011	11	1	395	18839	CollgCr	1.5Fin	Good	390504
652	7	1721	1	2	1	1980	1980	320	0	462	7395	Edwards	1.5Fin	Good	378501
653	3	3912	3	1	1	1983	2013	268	3	815	27764	Somerst	2Story	Fair	443920
654	9	2633	3	3	0	1999	1999	2456	3	227	24023	NAmes	1.5Fin	Typical	585612
655	6	3289	4	3	0	1983	2023	1492	2	452	14044	Edwards	SLvl	Typical	503150
656	6	2408	3	3	1	1993	1993	1692	2	994	5677	CollgCr	1Story	Poor	490887
657	8	2215	3	3	1	1954	2013	577	1	400	12976	CollgCr	1.5Fin	Poor	475808
658	7	2992	5	1	1	1961	2009	2127	1	115	24424	Edwards	1Story	Good	538711
659	1	3734	2	1	1	2020	2020	1807	0	284	17948	NAmes	SLvl	Good	378692
660	3	1770	3	3	0	1984	2019	1881	0	956	6793		1.5Fin	Good	346161
661	2	3718	3	2	0	1962	1964	1171	1	759	6018	OldTown	1Story	Fair	348513
662	8	1401	3	1	1	1978	1995	1746	1	809	29064	Edwards	1.5Fin	Typical	424531
663	1	2051	5	1	0	1975	1975	1360	0	253	14246	NAmes	2Story	Excellent	320760
664	3	4142	5	3	0	1970	1972	961	3	839	21051	OldTown	1Story	Fair	444059
665	6	4314	3	2	1	1972	1972	1486	1	393	11778	CollgCr	SLvl	Good	579585
666	7	4188	3	1	0	2005	2005	811	2	795	4068	Edwards	2Story	Poor	503815
667	6	1696	3	3	0	1958	1996	2383	1	881	13240	CollgCr	1Story	Poor	399347
668	9	3858	1	1	0	1973	2006	1793	1	208	21256	NAmes	1.5Fin	Excellent	674210
669	10	4238	3	2	0	1985	1985	1848	3	939	11000	Edwards	2Story	Poor	642642
670	2	4411	2	1	0	1991	1991	1792	2	633	18703	NridgHt	1.5Fin	Good	555266
671	10	485	1	2	0	2016	2016	1121	3	731	13986	Edwards	1Story	Typical	441119
672	7	3455	1	2	0	2020	2020	2377	1	757	11120		SLvl	Excellent	572175
673	7	4487	3	3	0	1972	2017	519	1	168	8768	OldTown	2Story	Typical	531218
674	1	3535	1	2	1	1990	1990	1422	1	746	8931	NAmes	2Story	Good	377232
675	7	1356	4	1	1	1951	1980	173	2	213	8787	CollgCr	SLvl	Excellent	447759
676	8	3527	3	1	1	1996	1996	736	1	271	21985	OldTown	1.5Fin	Excellent	550655
677	6	831	2	1	1	1961	2012	1436	1	116	11114	Edwards	1Story	Good	304155
678	1	2370	4	2	0	1955	1959	1224	0	181	22629	OldTown	1.5Fin	Poor	216924
679	6	2968	3	1	1	2001	2012	2353	2	979	10365	NridgHt	1.5Fin	Poor	527436
680	10	2271	4	2	1	1963	1963	1534	2	328	10825	Edwards	2Story	Typical	513635
681	8	3270	4	3	0	1986	1986	1029	2	387	27841	NAmes	1Story	Good	575718
682	2	1385	1	3	0	1957	2016		3	480	26473	Edwards	1Story	Good	299194
683	10	2886	2	2	1	2006	2006	1529	3	713	12920	Edwards	SLvl	Good	643957
684	10	3044	3	3	1	2008	2008	1978	3	574	9161		1Story	Poor	569059
685	2	2999	5	3	0	1993	1999	691	0		21896	OldTown	1.5Fin	Poor	349858
686	9	1586	1	2	0	2013	2013	1462	3	837	3491	NridgHt	SLvl	Poor	545458
687	5	1652	1	3	0	1983	2002	1437	1	496	14509	OldTown	2Story	Typical	344423
688	6	1457	5	1	0	1964	1982	23	1	769	18596	OldTown	1Story	Good	315271
689	5	2293	5	3	1	1961	1970		1	911	20760	CollgCr	1.5Fin	Poor	453443
690	8	2803	1	1	1	1966	1980	1425	1	676	4551	NAmes	1.5Fin	Excellent	529385
691	10	1886	3	3	0	1965	1965	605	3	35	1585	CollgCr	1Story	Fair	504796
692	8	2081	4	3	1	1974	1974	1584	2	263	9385	Somerst	1.5Fin	Good	512780
693	10	1574	1	2	1	1966	1994	1695	3	618	4898	NridgHt	1Story	Good	606992
694	10	1297	2	1	1	1994	1994	2289	3	479	15955	Edwards	2Story	Poor	490334
695	1	3096	2	2	0	1961	1961	85	1	285	27706	Somerst	2Story	Excellent	388544
696	3	3746	4	2	1	1997	1999	1034	2	335	9661	Edwards	SLvl	Excellent	487009
697	8	1592	2	3	1	1975	1982	450	2	78	14431	Edwards	SLvl	Excellent	486705
698	6	3929	3	3	1	2002	2002	1436	1	235	7627	OldTown	1.5Fin	Poor	462548
699	1	2741	2	2	0	1988	2006	1254	2	783	2753	NAmes	1.5Fin	Fair	326447
700	1	1087	4	3	0	2018	2018	1187	2	10	21541	OldTown	1Story	Fair	221510
701	6	1900	1	2	1	1983	1983	2456	3	837	8807	NridgHt	1Story	Typical	519078
702	7	430	2	2	0	1972	1972		3	339	17090	Edwards	SLvl		391888
703	2	560	2	3	1	1994	1994	1027	2	808	20968	Somerst	2Story	Good	311545
704	2	1778	5	3	0	2000	2005	168	3	256	25434	NAmes	1.5Fin	Good	288150
705	2	2263	5	2	1	1983	1983	724	0	829	6789	CollgCr	1.5Fin	Typical	317651
706	6	3670	3	2	0	1992	2011	2244	3	572	18065	CollgCr	2Story	Excellent	599771
707	1	950	1	3	0	1985	1985	1129	1	852	27457	OldTown	1.5Fin	Excellent	277026
708	6	3841	4	3	0	1973	1973	2276	1	62	15278	NridgHt	1.5Fin	Excellent	693352
709	5	1361	3	2	0	1973	2015	1332	3	798	2657	OldTown	1Story	Excellent	389044
710	5	967	5	1	0	2018	2018	1370	1	270	8946	Edwards	1.5Fin	Good	336468
711	7	3270	2	1	0	2001	2001		3	359	24150	Edwards	1Story	Poor	466644
712	6	3575	5	1	0	1957	2022	1391	1	44	24074	OldTown	2Story	Fair	447825
713	8	2880	5	2	1	2023	2023	166	1	955	10463	NridgHt	SLvl	Good	666653
714	8	874	2	2	1	2004	2004	143	1	642	7111	CollgCr	SLvl	Fair	386308
715	10	873	4	3	1	1953	2002	1189	1	981	9815	NAmes	1Story	Poor	396644
716	8	1999	2	1	0	2005	2005		3	568	8403	Somerst	1.5Fin	Excellent	591038
717	6	2247	2	3	1	1994	1996	1377	0	158	22618	Edwards	1.5Fin	Typical	447772
718	5	4495	2	2	1	2019	2019	1073	2	337	25486	CollgCr	1.5Fin	Excellent	658528
719	3	1574	4	1	0	1987	1991		3	440	2828	NridgHt	SLvl	Fair	381684
720	6	1189	2	2	1	1989	1989	1773	1	147	22624	NAmes	1Story	Fair	392245
721	2	4279	4	1	1	1973	2011	1512	2	932	22945	CollgCr	1.5Fin	Fair	465206
722	10	1031	3	3	0	1974	1988	117	1	958	18967	NAmes	2Story	Fair	412028
723	9	508	4	3	0	1996	1996	1131	0	564	26332	CollgCr	1Story	Typical	459328
724	2	2133	5	3	0	2012	2017	1777	2	584	2609	Somerst	2Story	Fair	389732
725	8	2044	1	2	0	2017	2017	1961	3	704	21443	Somerst	1Story	Excellent	611935
726	2	2941	5	2	1	2008	2008	717	2	679	5126	Edwards	1.5Fin	Fair	333339
727	8	3999	1	1	1	1996	2021	2313	1	62	27065	NridgHt	1.5Fin	Typical	671723
728	1	4225	3	3	1	1988	2008	1629	0	531	15749	NAmes	1.5Fin	Excellent	442395
729	5	1587	2	1	0	1975	2015	1094	3	777	4089		1Story		368732
730	7	4422	4	1	0	2008	2008	1568	3	807	22771	NAmes	SLvl	Poor	623017
731	8	2994	4	1	1	1974	2019	2179	3	596	22853	NridgHt	1Story	Poor	626128
732	5	685	5	2	0	1970	1970	567	1	897	14727	Edwards	2Story	Typical	286519
733	10	4248	3	1	1	2015	2015	376	2	586	10347	Somerst	2Story		690703
734	8	965	5	1	1	1994	1994	1101	1	383	1992		1.5Fin	Excellent	441748
735	3	2813	2	2	0	1976	1980	209	0	443	27377	OldTown	2Story	Poor	321637
736	7	3642	2	3	1	2015	2015	2089	0		6751	Somerst	SLvl	Typical	572695
737	8	1422	2	2	0	2023	2023	2427	1	887	25517	NridgHt	SLvl	Fair	576814
738	4	1509	3	3	0	1974	1983	1514	2	230	18280	CollgCr	SLvl	Typical	377523
739	8	2352	4	3	0	1989	2019	2450	0	293	21028	NridgHt	1Story	Typical	621457
740	9	4028	5	3	0	1986	1998	171	2		21285	Somerst	SLvl	Fair	684297
741	9	1316	2	2	0	2003	2003	1581	1	764	25956	NAmes	1Story	Poor	496414
742	8	3120	2	3	1	2022	2022	1107	3	399	2452	NridgHt	SLvl		610568
743	7	2256	5	3	1	1991	1991	693	1	643	29749		SLvl	Typical	519622
744	3	858	3	3	0	2010	2010	779	0	6	2734	Edwards	1Story	Fair	224639
745	8	3315	2	2	1	1995	1995	1363	1	292	29974	NAmes	1Story	Fair	538430
746	4	3814	5	1	1	2017	2017	1604	3	956	8947	CollgCr	1.5Fin		500983
747	6	2760	3	2	0	1980	1980	410	1	577	25607	Edwards	1Story	Poor	415239
748	4	1123	5	3	0	1979	1994	1537	2	869	3879		SLvl	Poor	349093
749	4	1038	5	3	0	1982	2003	2317	3	217	14636	Somerst	1.5Fin	Fair	371786
750	2	2136	5	2	1	2025	2025	26	1	291	16946	OldTown	1.5Fin	Poor	252733
751	10	2476	3	1	1	1996	1996	2196	2	975	28699	Somerst	SLvl	Fair	623432
752	2	2664	4	2	0	1961	1992	1519	0	998	5025	NAmes	1Story	Fair	294642
753	1	1399	5	3	1	1953	2010	855	1	877	2539	NridgHt	1.5Fin	Fair	310960
754	10	2453	2	2	0	1989	1989	1837	1	317	19974	CollgCr	SLvl	Poor	566304
755	6	1610	1	2	1	2011	2011	1545	2	802	2903	Edwards	1Story	Poor	379339
756	5	3213	2	2	1	1986	2001	1922	3		23651	NridgHt	1Story	Excellent	609257
757	8	3666	4	1	1	1992	1992	203	1	844	2592	CollgCr	1Story		561334
758	4	3076	3	1	0	2010	2010	147	1	852	29160	OldTown	2Story	Poor	390318
759	2	405	1	3	0	1989	2017	1605	3	435	16682	Somerst	1Story	Fair	275002
760	8	4468	3	1	1	2019	2019	759	1	304	28530	NridgHt	1Story	Fair	695696
761	2	497	1	3	0	1998	1998	595	2	975	5109		SLvl	Excellent	283114
762	6	4498	3	1	0	2005	2005	1053	2	450	9291	Edwards	2Story		601144
763	10	530	3	2	0	2009	2020	1813	0	432	14464	CollgCr	2Story	Good	525143
764	10	2518	4	2	1	1997	1997	449	3	666	2338	Edwards	2Story	Poor	530355
765	4	834	3	3	0	1953	2007	2433	1	937	4433	OldTown	SLvl	Typical	276022
766	8	790	3	3	1	1982	1995	1052	2	130	10888	NAmes	2Story	Typical	389962
767	7	3202	4	2	1	1960	1977	376	1	985	22506	NridgHt	2Story	Good	634361
768	5	3384	4	2	1	1988	1988	177	3	422	21692	Edwards	SLvl	Excellent	517368
769	2	884	5	3	1	1960	2003	2144	2	25	3974	OldTown	1Story	Fair	208099
770	4	4405	2	2	0	1988	2015	283	0	309	3204	NAmes	2Story	Typical	470567
771	7	1714	3	1	1	1976	1976	1047	0	462	20197	NAmes	1.5Fin	Fair	382749
772	10	1705	2	2	1	1951	2014	1672	3	677	11752	OldTown	1.5Fin	Fair	504734
773	1	1617	3	1	1	1959	2013	1283	2	566	24076	Edwards	SLvl	Fair	259737
774	8	2291	1	2	1	1988	1988	656	1	136	9994	CollgCr	SLvl	Good	483363
775	9	1129	3	2	1	1955	1958	269	0	488	11841	Somerst	2Story	Typical	452512
776	10	2142	1	1	1	2015	2015	1779	0	232	7751	OldTown	SLvl	Good	528305
777	5	1261	3	1	1	2007	2014	1226	3	269	9095	NAmes	1Story	Good	422385
778	2	610	5	3	0	2003	2003	120	3	712	21625	Edwards	1Story	Fair	213533
779	3	1912	5	2	0	1963	1998	453	1	804	14930	CollgCr	SLvl	Excellent	409770
780	9	3156	3	1	0	2010	2025	1407	0	156	20284	NAmes	1Story	Poor	538995
781	9	3529	1	3	1	1998	1998	421	1	602	3741	NAmes	2Story	Excellent	587584
782	7	1849	2	3	0	1979	1979	979	0	422	16762	CollgCr	1.5Fin	Poor	414144
783	2	1727	1	3	0	1950	2025	311	2	336	14571	Edwards	2Story		239517
784	2	3629	4	3	1	1990	1990	1993	2	713	27457	NridgHt	SLvl	Excellent	561399
785	5	3193	5	3	0	2010	2010	1576	3	249	13569	CollgCr	2Story	Good	547025
786	6	3812	3	2	1	1952	1983	1960	1	766	4439	NAmes	1.5Fin	Fair	509169
787	1	4115	1	1	1	1953	1989	131	0	401	21370	CollgCr	1Story	Excellent	414139
788	7	3767	1	3	0	1979	1979	939	0	94	5766	CollgCr	1Story	Poor	490109
789	6	4240	5	1	0	1988	2001	669	1	793	27409	CollgCr	1Story	Good	584264
790	1	2108	2	1	1	1986	2002	1557	2	852	12428	CollgCr	1.5Fin	Typical	309036
791	1	2018	1	3	1	1982	1982	2054	0	563	23860	NridgHt	1Story	Fair	369670
792	5	1718	1	3	1	1969	1986	569	3	724	20193	OldTown	1.5Fin	Excellent	413867
793	8	1364	2	2	1	1954	1954	1925	1	147	14749	Edwards	2Story	Good	426978
794	9	3470	4	3	0	1952	1966	1451	3	339	18146	Somerst	1.5Fin	Poor	584265
795	5	3329	5	3	1	1957	2025	2060	1	350	6707	NAmes	SLvl	Poor	441472
796	3	3686	2	3	0	2002	2002	203	0	764	3610	CollgCr	SLvl	Poor	396078
797	10	1086	4	1	0	2009	2009	2478	0	352	23340	OldTown	1Story		495106
798	5	2414	1	2	1	1983	2017	1086	2	729	28816	OldTown	SLvl	Typical	422628
799	4	1310	1	1	0	1955	2004	700	2	307	26065	NAmes	SLvl	Good	349456
800	5	4062	1	3	1	1981	2010	457	3	601	10194	Edwards	1.5Fin	Good	505246
801	1	1496	5	1	1	2024	2024	2463	3	210	11704	CollgCr	1Story	Poor	314444
802	4	990	3	3	0	1968	1987	2209	0	559	11731	CollgCr	1.5Fin	Typical	305685
803	6	2737	5	1	1	1987	1998	328	1	80	21523	Edwards	1.5Fin	Good	451920
804	10	4005	1	2	1	1990	1990	1112	0	735	19274	NridgHt	1.5Fin	Excellent	741609
805	8	4155	1	1	0	1975	2017	1834	0	29	24200	NridgHt	2Story	Fair	652217
806	8	794	5	3	1	1983	1983	1477	0	1000	28438	NridgHt	1.5Fin	Poor	549823
807	6	1736	1	2	0	1985	2017	472	0	839	12683	OldTown	1.5Fin		321422
808	2	1029	1	3	1	1986	2016	901	2	579	20387	NAmes	2Story	Fair	237879
809	4	1662	3	1	0	2004	2004		0	910	15762	CollgCr	SLvl	Typical	360085
810	10	2589	4	2	1	1994	2003	722	0	809	28711	OldTown	1.5Fin	Fair	520039
811	1	1550	2	3	1	1954	2025	2402	0	142	11589	CollgCr	2Story	Poor	238457
812	9	676	3	3	1	1950	1993	507	2	745	6846	CollgCr	1.5Fin		458582
813	7	2491	4	1	0	1981	1981		2	377	12297	NAmes	SLvl	Fair	477978
814	3	616	3	2	1	2018	2018	2280	3	856	19136	CollgCr	2Story	Typical	349635
815	8	1329	2	2	0	1952	1988	1987	0	864	28671	Edwards	1.5Fin	Poor	390855
816	9	402	1	2	0	1955	1959	1999	0	955	25123	OldTown	1Story	Good	386353
817	1	756	3	2	1	2001	2001	397	1	451	2023	NAmes	2Story	Typical	207774
818	2	2189	5	1	1	1984	2001	333	2	193	16007	Edwards	1.5Fin	Fair	279948
819	7	3888	4	3	1	1967	1984	1958	0	125	6035	NridgHt	SLvl	Excellent	619052
820	10	3576	5	1	0	1965	1966	1867	0	165	11822	OldTown	1.5Fin	Good	622763
821	1	805	1	1	1	2000	2010	1855	1	992	28403	CollgCr	1.5Fin	Poor	238158
822	7	542	1	3	1	1989	1989	1046	0	586	29566	CollgCr	2Story	Poor	375272
823	2	1786	3	3	1	1998	1998	1309	1	352	5879	OldTown	1.5Fin	Poor	257949
824	7	3074	1	2	0	1971	1985	38	3	449	5518	CollgCr	2Story	Typical	494367
825	7	3462	3	3	1	1990	1990	727	2	173	21345	NridgHt	1Story	Fair	621584
826	1	3775	5	2	1	2015	2015	1321	1	571	13211	NridgHt	1Story	Fair	463873
827	7	1803	2	2	1	1974	2019	314	1	426	13836	OldTown	1.5Fin	Typical	355374
828	9	1088	3	1	0	1980	2021	325	3	798	26392	NridgHt	SLvl	Typical	544381
829	9	508	4	1	0	1962	2016	113	2	21	27737	NridgHt	2Story	Poor	483805
830	1	1002	1	2	0	1998	1998	525	2	932	27164	NAmes	SLvl		189930
831	3	667	5	2	1	1952	1954	2483	3	60	23815	OldTown	SLvl	Good	263839
832	3	3930	2	3	0	1968	2011	1740	0	417	29441	Edwards	1.5Fin	Excellent	509712
833	5	1500	5	2	0	2004	2004	2371	0	340	22016	OldTown	SLvl	Excellent	405289
834	2	3775	4	3	1	1951	2006	643	1	718	26719	OldTown	2Story	Excellent	418674
835	9	2668	1	2	0	2025	2025	1497	1		16901	OldTown	2Story	Typical	518891
836	8	2610	4	1	1	1980	2000	2230	0	196	2952	Somerst	1.5Fin	Excellent	584875
837	9	2265	1	3	1	1980	1994	880	0	491	24769	CollgCr	1.5Fin	Excellent	553964
838	2	3759	3	2	0	1990	2019	1643	3	535	27999	Edwards	1.5Fin	Excellent	468166
839	1	578	5	2	0	1998	1998	1732	2	464	10401	CollgCr	2Story	Poor	221826
840	10	780	5	2	1	1984	1984	2081	2	21	13703	NridgHt	SLvl	Poor	544834
841	3	2136	5	1	0	2017	2025	2424	0	178	17805	NAmes	1Story	Typical	388856
842	7	2017	3	2	1	2023	2023	1538	1	504	20071	NAmes	1Story	Typical	509887
843	10	2637	3	2	0	1965	2000	1456	2	260	20731	NAmes	2Story	Excellent	643877
844	1	3425	2	2	0	2003	2003	2172	2	545	12737	OldTown	1Story	Fair	354553
845	1	2809	5	1	0	1972	2005	1711	2	163	25851	Edwards	2Story	Excellent	369565
846	1	1455	3	2	1	2025	2025	904	2	736	24690	NridgHt	1.5Fin	Excellent	406600
847	2	1742	4	2	0	1969	1993	1575	1	188	28355	OldTown	2Story	Excellent	320264
848	1	3485	2	2	0	1972	2016	1373	3	650	17914	CollgCr	1Story	Poor	382272
849	9	1226	4	1	0	2004	2004	572	1	837	3707	OldTown	2Story	Fair	408257
850	7	2467	2	2	0	2009	2009	1290	0	358	25598	NAmes	1.5Fin	Fair	478064
851	10	2609	4	1	0	1959	1964	1559	3	139	3765	OldTown	SLvl	Good	524780
852	9	3476	1	2	1	1992	1992	2260	0	5	7022	Somerst	SLvl	Good	648830
853	10	3329	1	1	1	1976	2014	1451	1	360	9627	NAmes	1.5Fin	Typical	601583
854	3	2305	2	2	0	1996	1996	412	0	115	6772	Somerst	1Story	Poor	340264
855	3	1667	3	3	1	1992	1999	2470	0	882	22127	CollgCr	1Story	Typical	378195
856	9	1908	4	3	1	2024	2024	1445	1	974	14051	Somerst	2Story		586980
857	3	2087	2	3	1	2020	2020	718	0	981	7751	Somerst	1Story	Typical	367782
858	1	1298	1	3	1	1999	2004	1886	1	923	1635	Somerst	1.5Fin	Fair	268486
859	7	2964	2	1	0	2001	2001	962	3	587	7667	Somerst	2Story		538282
860	9	1254	3	2	1	2018	2018	925	0	325	21247	Somerst	SLvl	Good	540923
861	10	3060	3	2	1	1963	1990	2099	3	446	24138	CollgCr	2Story	Typical	616836
862	10	3481	4	3	1	2005	2007	2169	1	259	9937	NAmes	2Story	Excellent	681545
863	2	4344	2	2	0	2008	2015	1310	2	841	3587	OldTown	1.5Fin	Fair	401346
864	8	887	4	3	1	1959	1997	932	1	436	17383	Edwards	1Story	Good	396172
865	9	3515	4	1	1	2016	2016	2159	1	385	23813	Edwards	SLvl	Excellent	663911
866	7	752	4	1	1	2003	2009	433	0	690	3495	Somerst	1.5Fin	Fair	372410
867	9	1783	3	1	0	1976	1976	1868	2	374	24173	CollgCr	1.5Fin	Fair	496799
868	9	1122	5	2	0	1986	1986	1460	3	357	6363		2Story	Poor	521187
869	5	1065	2	2	1	1987	1987	2135	2	227	8850	OldTown	SLvl	Fair	311230
870	1	1119	4	1	0	2019	2019	1051	2	67	19252	CollgCr	SLvl	Poor	225048
871	5	580	1	3	0	2023	2023	2080	2	38	2964	Somerst	1Story	Good	392596
872	3	3775	1	3	1	2011	2011	37	1		10211	NAmes	1.5Fin	Poor	395022
873	2	650	5	2	1	1999	2009	1896	0	996	5458	OldTown	SLvl	Good	220304
874	2	2034	3	1	0	1957	1977		2	260	7619	Somerst	2Story	Typical	265323
875	7	3267	4	3	0	2019	2019	1606	3	641	23542	Somerst	1.5Fin		642939
876	6	4461	4	3	0	1960	2005	488	1	325	8022	CollgCr	SLvl	Fair	532866
877	6	3901	4	1	0	1962	2024	2409	3	303	2739	NAmes	2Story	Fair	496226
878	8	962	2	1	0	1955	1998	1924	3	163	7622	NAmes	1.5Fin	Fair	385233
879	6	4450	1	2	1	2022	2022	261	0	563	3972	NAmes	1.5Fin	Typical	551761
880	7	3080	1	2	1	1987	1987	2230	2	659	19251	Somerst	1Story	Fair	536744
881	1	1136	5	1	0	1967	1980	630	2	350	29226	Somerst	1Story	Poor	236564
882	9	2240	2	3	0	1956	2015	1364	1	527	6279	Edwards	1.5Fin	Excellent	571370
883	5	4164	3	2	1	1981	1981	213	2	476	22273		1Story	Good	507716
884	2	2011	3	2	0	2004	2004	264	3	271	11837	CollgCr	SLvl	Poor	291822
885	9	1153	1	1	0	2025	2025	603	2	692	3547	CollgCr	1.5Fin	Good	479962
886	8	3988	3	3	0	1991	1995	1336	3	554	21105	NAmes	1.5Fin		610413
887	1	4308	1	1	1	1996	1997	1357	3	65	7482	Somerst	2Story	Poor	443012
888	2	4400	1	3	0	2013	2024	2139	3	493	16140	NAmes	2Story	Typical	475209
889	1	4319	1	2	0	2018	2020	413	3	389	15953	NAmes	2Story	Good	414680
890	3	3979	5	3	1	1971	1990	1874	0	796	18523	Somerst	1.5Fin		456186
891	1	2263	3	1	0	2025	2025	14	0	306	5346	Edwards	2Story	Fair	229438
892	8	1188	5	1	0	1989	2010	728	0	956	8651	OldTown	2Story	Excellent	400051
893	6	2930	3	3	0	2020	2020	437	0	615	22515	CollgCr	1Story	Fair	483440
894	10	1305	2	3	1	1958	1995	309	2	130	28083	NAmes	1.5Fin	Poor	440808
895	8	2340	4	2	1	1957	1986	1461	2	403	1834	OldTown	1.5Fin	Typical	463591
896	7	3090	5	1	1	2017	2017	2252	1	884	13295	OldTown	1.5Fin	Good	522451
897	6	4281	3	3	0	2001	2010	1668	0	254	26620	Edwards	2Story	Excellent	608352
898	1	1585	1	2	0	1963	1999	2136	2	705	9678		1Story	Good	244545
899	1	1433	2	3	1	2018	2018	1479	1	784	14257	CollgCr	2Story	Poor	275979
900	7	3413	5	3	1	1957	2002	134	3	693	27274	NAmes	2Story	Excellent	566083
901	1	426	3	3	0	2001	2001	865	0	90	29116	OldTown	1Story	Good	179238
902	1	2722	5	3	1	1965	1967	2060	1	374	20176	CollgCr	SLvl	Good	421161
903	3	3459	3	3	1	1955	1971	110	0	348	21283	CollgCr	2Story	Excellent	467690
904	9	2659	1	2	1	2011	2011	243	1	344	18998	Edwards	2Story	Good	525869
905	5	1974	5	1	1	2014	2014	2085	3	879	9583	OldTown	1.5Fin	Fair	447999
906	8	3797	4	2	0	1958	1968	158	1	5	26772	CollgCr	SLvl	Typical	546408
907	5	1921	4	3	0	1957	2016	2399	1	539	2471	Somerst	2Story	Typical	459342
908	2	3313	5	3	0	1996	2024	1897	1	983	3168	OldTown	1.5Fin	Typical	346064
909	4	2303	1	2	0	1952	1997	1663	1	876	18651		1Story	Good	352978
910	1	508	5	3	1	2006	2006	1341	2	607	25374	OldTown	1.5Fin	Good	209133
911	8	2575	2	1	1	2019	2021	223	3	998	24706	NAmes	1Story	Poor	501189
912	2	602	5	2	1	2007	2007	1036	2	402	20819	OldTown	1Story	Typical	225194
913	4	4217	1	2	0	1967	1982	2020	2	611	12224	Edwards	1.5Fin	Poor	433598
914	10	2866	3	3	1	1964	2015	2260	1	544	11760	NAmes	1Story		615477
915	6	1925	4	1	0	2001	2001	1117	0	47	13631	Edwards	1Story	Typical	366078
916	5	2393	1	1	1	1954	1968	2099	2	40	8806	NAmes	1Story	Fair	379126
917	6	2939	1	2	0	1990	1990	1942	3	897	13445	Edwards	SLvl	Excellent	537153
918	8	1467	5	1	0	1984	1984	144	2	173	4487	NAmes	1.5Fin	Fair	365427
919	3	1582	1	2	0	2006	2006	1551	0	355	10616	CollgCr	2Story	Poor	283958
920	7	2116	4	2	1	1965	2004	1540	2	623	28321	OldTown	SLvl	Fair	438611
921	9	1460	5	3	0	2007	2007	1357	3	576	21648	Edwards	2Story	Good	536722
922	6	3508	4	3	0	2003	2003	1931	0	514	5544	Somerst	SLvl	Poor	555413
923	5	825	3	1	0	1968	2003	2224	0	980	9659	OldTown	2Story	Typical	280770
924	2	3789	3	1	1	1977	1977	1376	2	787	8894	NAmes	1Story	Typical	384385
925	3	1829	4	1	0	1955	1955	801	1	942	9527	OldTown	1Story	Excellent	283895
926	10	2701	3	1	0	1984	1986	2458	2	659	21197	Somerst	2Story	Poor	616599
927	6	1046	3	3	0	1969	1993	2410	2	980	27008	NAmes	1Story	Poor	380901
928	4	1980	1	1	0	1958	1968	1715	1	602	21740	Somerst	1Story	Typical	377279
929	5	3494	4	1	1	1992	1992	1602	0	542	15420	OldTown	2Story	Poor	408328
930	6	1510	4	3	1	1993	1993	260	2	816	6082	NAmes	SLvl	Good	413720
931	6	942	4	3	0	1956	1976	1004	1	869	5572	Somerst	1Story	Fair	361757
932	7	2540	1	1	1	1964	1964	495	3	68	24703	NAmes	1Story	Typical	431761
933	3	1066	4	1	0	1956	1956	1287	1	911	20813	OldTown	SLvl	Poor	213949
934	7	1690	4	2	1	2001	2001		0	691	16043	CollgCr	1Story	Good	439001
935	5	2247	1	2	0	1975	1975	561	3	898	17950	Edwards	SLvl	Typical	363505
936	10	2713	5	3	0	1955	1974	2492	2	716	25681	NAmes	1.5Fin	Poor	563741
937	2	3022	3	2	0	1964	1994	323	2	927	24694	NAmes	SLvl	Fair	363685
938	2	3174	3	1	0	2024	2024	245	3	275	3987	Edwards	1.5Fin	Poor	308718
939	5	3862	4	2	1	1969	1996	2437	3	187	12760	NridgHt	1.5Fin	Poor	569213
940	6	670	3	2	1	2002	2002	250	3	195	2720	NAmes	1Story	Good	345879
941	7	1885	3	2	1	1985	1993	1838	3	252	12467	OldTown	1.5Fin	Typical	415953
942	5	404	2	2	0	1963	1997	1909	1	214	19654	Somerst	1.5Fin	Excellent	385255
943	10	438	5	3	1	1973	2011	825	0	442	7439	CollgCr	SLvl	Fair	446519
944	5	1270	5	3	0	1951	1955	160	2	198	5775	OldTown	1Story	Good	289409
945	2	2852	1	1	1	2006	2006	771	3	158	15492	NridgHt	1Story	Good	442940
946	2	4068	4	2	1	1975	1975	171	3	524	16461	Somerst	1Story	Good	453768
947	10	3572	1	3	0	1987	2002	1681	2	794	21852	CollgCr	SLvl	Excellent	694862
948	2	3050	2	2	0	1961	2016	2222	2	135	1902	Somerst	1Story		421084
949	10	3591	5	2	0	2012	2019	2493	2	511	8567	Somerst	SLvl	Good	730346
950	3	1105	1	1	1	1966	1994	2001	0	659	23728	Edwards	2Story	Good	254370
951	1	3844	2	1	1	1993	1993	1937	0	706	20937	OldTown	2Story	Typical	363885
952	4	4050	2	3	0	2016	2016	2204	0	105	27137	NridgHt	SLvl	Good	629307
953	7	789	4	3	1	2004	2004	1925	3	734	24721	NridgHt	1.5Fin	Excellent	594513
954	5	2327	3	3	1	1995	1995	1626	3	26	25408	NridgHt	1.5Fin	Good	557455
955	8	3803	3	1	0	2017	2017	2491	1	237	16053	Somerst	SLvl	Good	674110
956	7	2352	5	1	1	1963	1965	806	1	319	28814	OldTown	SLvl	Poor	433665
957	5	3846	3	1	0	2023	2023	1032	1	853	13354	NAmes	1.5Fin	Typical	489453
958	7	4236	4	2	1	1992	2011	2266	0	192	27239	NAmes	2Story	Poor	555018
959	10	2346	1	2	0	1981	1981	777	1	783	12668	NridgHt	SLvl	Poor	551705
960	5	643	2	3	1	1969	2019	747	1	989	14154	OldTown	1.5Fin	Fair	302110
961	2	1794	5	3	0	2006	2006	380	2	960	21041	NAmes	SLvl	Typical	350277
962	5	1282	5	1	0	2024	2024	689	3	303	12853	CollgCr	SLvl	Typical	372807
963	9	2344	4	3	0	2002	2008	1484	0	95	5692	NAmes	1.5Fin	Excellent	553779
964	3	2802	2	1	1	1952	1967	2216	1	222	27042	Edwards	2Story	Good	370263
965	10	2302	1	1	0	1985	1999	340	3	769	14408	Edwards	SLvl	Typical	530214
966	6	1201	5	2	1	2005	2005	1702	3	196	27918	OldTown	SLvl	Fair	362027
967	7	1635	4	1	1	1980	2010	1916	3	646	12875	Somerst	1Story	Good	476548
968	4	3186	2	2	1	2008	2008	2240	2	374	29226	OldTown	1.5Fin	Fair	473804
969	10	510	3	2	1	2003	2003	1875	0	767	18683	NridgHt	1.5Fin	Excellent	605746
970	1	1277	4	1	1	1955	1973	389	3	606	23397	Somerst	1.5Fin	Good	294793
971	3	4059	3	2	0	1992	1992	1222	2	586	23033	NAmes	SLvl	Good	475965
972	5	806	5	2	1	1963	1975	2381	3	782	7256	CollgCr	2Story	Fair	370375
973	5	2100	1	3	0	1986	1995	2271	3	955	24742	Somerst	SLvl	Good	480465
974	5	1248	2	1	1	1979	1998	1532	1	364	28432	Edwards	1.5Fin	Excellent	369730
975	2	829	1	1	0	2011	2011	2408	0	529	20342	Somerst	1Story	Poor	275056
976	3	2133	4	2	1	2015	2015	1670	2	626	28494	OldTown	1.5Fin	Poor	296294
977	1	2538	4	1	1	1985	1985	162	1	823	25614	NAmes	1Story	Typical	285247
978	6	1122	5	3	0	1990	2019	2286	0	482	20485	Somerst	SLvl	Fair	434491
979	4	719	3	1	1	1997	1997	420	1	374	15100		SLvl	Good	325155
980	6	952	1	2	0	1999	1999	952	3	847	25933	Edwards	SLvl		353614
981	6	3071	3	3	0	1998	1998	595	1	954	6786	OldTown	1.5Fin	Excellent	468670
982	8	3928	1	1	1	2009	2009	1799	1	569	17494	NAmes	2Story	Fair	543894
983	6	1139	4	1	1	2024	2024	74	2	103	24749	Somerst	2Story	Fair	413265
984	7	1713	4	3	0	2012	2014	1601	2	290	28408	Edwards	SLvl	Poor	434202
985	6	1809	5	2	1	1960	1970	2161	1	463	9113	Somerst	1Story	Fair	415952
986	7	1879	2	1	1	1986	2003	1970	3	704	4177	CollgCr	SLvl	Fair	460481
987	7	1401	2	1	1	1985	1987	767	2	670	11001	Somerst	2Story	Good	449077
988	4	626	1	3	1	1988	1988	2243	0	820	26123	Somerst	1.5Fin	Fair	338379
989	3	2553	3	3	0	1990	2000	905	1	30	16429	NridgHt	1.5Fin	Fair	394266
990	8	1865	3	2	0	2004	2004	1700	3	465	3081	Edwards	1Story	Fair	466242
991	4	1803	4	2	1	1981	1981	1267	0	701	4901	Somerst	1Story	Typical	351253
992	6	1485	4	3	1	1970	1970	169	0	988	11164	OldTown	1Story	Good	348947
993	2	4211	1	1	0	1984	2019	7	2		11268	Somerst	SLvl	Excellent	463272
994	5	2903	2	1	1	2014	2014	458	1	879	5356	Somerst	1Story	Poor	428903
995	6	2117	3	3	1	1973	2022	2337	1	7	15583	Somerst	1.5Fin	Excellent	563400
996	7	1242	2	1	1	1951	1985	2385	1	197	15155	NridgHt	1Story	Fair	474779
997	6	3685	1	3	0	2024	2025	1025	0		7180	NAmes	SLvl	Excellent	579646
998	4	4043	5	2	0	1964	1976	2422	1	787	8119	Somerst	SLvl	Poor	506039
999	10	532	4	3	0	1995	1995	123	0	973	20436	Somerst	2Story	Good	512300
1000	6	4212	3	1	1	2010	2010	2419	2	601	28635	Edwards	1Story	Excellent	592053
1001	9	3268	2	3	1	1970	1975	577	2	616	29901	Edwards	2Story	Poor	529588
1002	8	809	5	1	0	1975	1975	92	3	535	17441	Somerst	1.5Fin	Good	447886
1003	6	3488	1	1	1	1971	1989	1895	0	512	2597	OldTown	1.5Fin	Poor	428676
1004	9	840	3	3	1	1961	2000	956	1	514	27086	OldTown	1.5Fin	Excellent	454279
1005	2	608	5	2	0	1961	1969	731	1	292	28590	Somerst	1.5Fin	Good	286789
1006	10	872	5	3	0	1964	2008	1899	2	854	9424	Somerst	1.5Fin	Excellent	589660
1007	9	2285	2	1	1	1984	1998	832	2	356	12910	CollgCr	1Story	Excellent	592017
1008	6	2940	4	1	1	1990	1990	1882	3	611	2240	Somerst	1Story	Fair	508453
1009	8	2070	1	2	1	1951	2021	488	3	669	24335	CollgCr	SLvl	Typical	512390
1010	6	900	1	3	1	2014	2014	214	3	538	23606	NAmes	1.5Fin	Good	365976
1011	3	1216	2	2	0	2001	2001	812	0	612	2087	NridgHt	SLvl	Poor	287066
1012	8	3895	5	3	1	1955	1983		0	48	21518	CollgCr	1.5Fin	Fair	549752
1013	3	4347	4	3	1	2014	2014	562	3	316	13239	CollgCr	2Story	Poor	500252
1014	4	3493	3	3	0	1952	2008	357	3	448	17047	CollgCr	1.5Fin	Excellent	522513
1015	6	824	2	2	0	1992	2002	1873	1	394	7722	OldTown	1.5Fin	Fair	324717
1016	9	3762	1	3	1	1985	1999	1233	0	908	24738	NAmes	1Story	Typical	592709
1017	4	3237	2	2	1	1988	2013	1079	2	898	13025	NAmes	2Story	Typical	424327
1018	5	2557	1	3	1	2022	2022	599	2	712	25443	OldTown	1.5Fin	Fair	406812
1019	1	987	1	2	0	2020	2020	44	3		5725	CollgCr	1Story	Good	276746
1020	2	4487	4	2	0	1971	1980	132	2	51	18255	CollgCr	1Story	Excellent	519332
1021	1	2215	1	2	1	1994	1994	1704	3	755	10339	NridgHt	1Story		402760
1022	1	581	1	2	1	2022	2022	200	3	884	29029	Edwards	1.5Fin	Excellent	266656
1023	9	1261	3	3	1	2005	2005	617	0	490	17371	NAmes	1Story	Poor	457707
1024	9	2045	2	3	1	2017	2017	2278	0	827	22012	NAmes	2Story	Excellent	593818
1025	9	655	3	2	0	1983	1983	860	3	931	3956	Somerst	1Story	Poor	429557
1026	1	1728	1	1	1	1971	1971	1862	0	547	20791	CollgCr	2Story	Poor	239621
1027	1	2320	2	2	0	1988	2023	858	0	209	4380	NAmes	1Story	Poor	217357
1028	3	4290	3	1	1	2012	2012	2330	3		11800	Edwards	SLvl	Fair	461624
1029	6	754	4	1	0	2020	2020	2055	0	757	7840	NridgHt	2Story	Excellent	474449
1030	4	2765	3	1	1	2002	2002	1175	0	562	1564	OldTown	1Story	Fair	352946
1031	5	4155	3	2	1	2003	2003	1711	0	153	18209	Somerst	1.5Fin	Good	589168
1032	2	3706	3	3	1	1988	1988	1033	1	54	8367	OldTown	SLvl	Typical	382111
1033	8	4193	2	2	1	1974	2015	2361	2	970	16109	NAmes	SLvl	Poor	569829
1034	4	1098	2	2	1	1982	1988	896	2	320	23272	Somerst	SLvl	Typical	389107
1035	1	3686	3	1	1	1987	2009	2091	3	327	6577	NridgHt	2Story	Fair	429112
1036	8	4413	1	3	0	2011	2011	1541	2	629	21732	NridgHt	2Story	Fair	691242
1037	10	1737	4	1	0	1992	1992	1609	3		9965	NAmes	2Story	Typical	509166
1038	1	2444	4	3	1	2010	2010	879	0	913	10934	Edwards	2Story	Good	338116
1039	5	2576	2	3	1	1952	2022	2083	1	681	17944	Edwards	SLvl	Typical	427405
1040	9	2424	2	3	1	2007	2007	1866	1	358	19329	NAmes	1Story		539292
1041	8	1588	2	1	1	1988	1995	2039	0	266	20179	NridgHt	SLvl	Good	537210
1042	9	4381	4	1	1	2025	2025	2004	3	860	7065	NAmes	SLvl	Good	668316
1043	5	4322	4	1	1	1985	1985	394	0	592	18019	CollgCr	SLvl	Fair	520954
1044	4	1961	1	3	1	1986	2013	2190	1	919	9013	NridgHt	1.5Fin	Excellent	527524
1045	8	3702	3	1	1	1959	1990	2105	1	345	9392	Edwards	SLvl	Excellent	610565
1046	2	2030	1	3	0	2011	2016	607	0	21	28502	Somerst	1Story	Good	378287
1047	3	3659	3	1	1	2003	2003	2455	3	900	4376	OldTown	SLvl	Fair	365788
1048	7	2798	2	1	0	2015	2015	1318	0	239	13276	Somerst	1.5Fin	Fair	486897
1049	7	2328	2	1	1	1957	1974	805	0	846	14020	NAmes	SLvl	Typical	424784
1050	2	925	3	3	1	1966	1998	558	1	710	8482		1Story	Poor	238978
1051	6	3084	2	2	1	2016	2016	912	0	232	23883	NAmes	SLvl	Fair	459644
1052	4	1716	2	2	0	1953	1996	93	3	757	15383	CollgCr	1.5Fin	Poor	298626
1053	6	1289	4	2	1	1988	2009	1727	0	81	22003	Edwards	1Story	Poor	365317
1054	10	1192	5	2	0	1980	1983	1770	1	392	12530	OldTown	1.5Fin	Good	485161
1055	1	4426	1	2	1	2021	2021	1670	1	356	27058	NAmes	1Story	Poor	425243
1056	10	823	2	2	0	2015	2015	1373	0	657	22292	Somerst	1Story	Typical	509205
1057	5	3674	5	1	0	2018	2018	907	0	535	10996	CollgCr	1.5Fin	Typical	501198
1058	8	3952	3	1	1	1971	1994	1810	2	612	28921	NridgHt	SLvl	Poor	635429
1059	5	527	2	2	1	1994	1994	2179	0	476	26155	NAmes	1Story	Excellent	375426
1060	4	2816	3	1	0	2003	2003	219	0	740	18365	CollgCr	2Story	Excellent	407125
1061	8	2767	1	2	0	2023	2023	957	1	160	1968	CollgCr	2Story	Good	513831
1062	7	1870	1	1	0	1950	1950	2489	1	719	18348	Edwards	1.5Fin	Good	419474
1063	2	3134	4	3	1	2024	2024	2155	1	50	21189	OldTown	1Story	Fair	422849
1064	8	2075	3	1	0	1977	2014	2486	3	85	11898	NAmes	1.5Fin	Excellent	512529
1065	8	2203	4	1	0	1959	1959	458	1	724	5601	Edwards	2Story	Good	411200
1066	4	2169	2	2	0	1996	1996	1162	2	158	17592	NridgHt	SLvl	Typical	458343
1067	10	3683	5	1	0	2009	2009	326	3	770	24343	NAmes	2Story	Good	690736
1068	7	2996	3	2	0	1959	1989	2166	0	132	10601	CollgCr	2Story	Excellent	560394
1069	4	1954	4	1	1	1953	1973	1297	2	146	14505	OldTown	1Story	Good	338657
1070	1	4200	1	1	1	2018	2018	609	1	933	1531	Somerst	SLvl	Poor	386836
1071	7	3689	1	3	0	2020	2020	225	2	177	21560	NAmes	SLvl	Fair	524700
1072	3	4225	4	3	1	1961	1965	1844	0	914	26184	CollgCr	2Story	Poor	471773
1073	8	3395	5	1	1	2018	2018		1	348	23626	CollgCr	2Story		591703
1074	6	2005	5	3	0	2019	2019	2198	0	798	13739	Edwards	SLvl	Excellent	508185
1075	5	3569	2	3	1	2025	2025	2429	3	940	2785	NAmes	2Story	Poor	476834
1076	2	1750	1	2	1	1966	1966	2037	2	116	15525	Edwards	1Story	Excellent	335932
1077	8	1511	5	2	1	1993	1993	1966	0	330	28303	OldTown	1Story	Fair	434506
1078	2	2249	4	3	0	2025	2025	2030	2	574	3879	CollgCr	1.5Fin	Typical	380723
1079	5	4375	2	2	0	2018	2022	2497	3	866	7597	NridgHt	1Story	Typical	620700
1080	9	2729	4	2	0	1995	2007	1158	2	187	25358	Somerst	1Story	Poor	562542
1081	10	1973	5	2	0	1964	1964	1897	1	186	17694	Somerst	1Story	Poor	566596
1082	10	2293	2	3	1	1956	1968	2050	3	368	6354	NridgHt	SLvl	Fair	619801
1083	10	1594	4	3	1	1969	1969	290	0	204	2191	CollgCr	SLvl	Poor	462408
1084	6	3101	4	1	1	1954	1961	1727	0	267	13203	NridgHt	SLvl	Good	534161
1085	3	1837	3	2	1	1964	1964	847	0	129	18455	CollgCr	2Story	Typical	312746
1086	9	2673	4	3	1	1955	1974	331	3	829	25448	CollgCr	2Story	Excellent	594922
1087	9	1916	2	1	0	2007	2007	426	2	797	26688	Edwards	2Story	Excellent	534337
1088	10	1715	5	3	0	1994	1994	285	2	144	14547	Somerst	1.5Fin	Fair	552481
1089	7	4378	5	3	0	1989	1989	2245	2	537	13541	Edwards	1Story	Excellent	653504
1090	2	1817	5	3	0	2011	2011	1930	1	646	28038	Edwards	1.5Fin	Poor	294318
1091	6	689	4	1	1	1981	1981	255	0	628	23641	OldTown	1Story	Typical	279393
1092	5	1952	1	2	0	1980	2025	1564	3	984	7465	Edwards	2Story	Good	410825
1093	9	2582	2	2	0	1965	1995	1651	3	641	20916	OldTown	2Story	Typical	513265
1094	4	788	3	2	0	1983	1983	1298	0	687	21884	OldTown	1.5Fin	Good	272083
1095	4	1653	5	3	1	1963	2011	1515	0	32	8166	Edwards	SLvl	Excellent	403611
1096	1	1081	3	2	1	1994	2013	2269	2	79	29373	Edwards	1.5Fin	Typical	239763
1097	9	2453	3	2	0	2025	2025	1297	0	619	9960	CollgCr	2Story	Fair	565433
1098	8	3365	1	3	0	1990	1990	1649	2	908	17164	NAmes	1.5Fin	Typical	545764
1099	1	4371	4	3	0	1972	1998	1428	3	399	15571	CollgCr	1.5Fin	Excellent	515024
1100	5	1995	2	3	1	2002	2024	990	1	643	21227	OldTown	1Story	Excellent	441260
1101	5	3940	1	2	0	2012	2012	2228	1	210	27198	NAmes	SLvl	Excellent	567531
1102	5	1279	5	3	1	1985	1985	1035	3	456	12707	CollgCr	SLvl	Fair	362101
1103	10	3600	1	1	1	1969	2017	2000	1	752	12459	NridgHt	1Story	Fair	650357
1104	2	2707	1	2	1	2004	2004	1513	0		22913	CollgCr	1Story	Typical	365089
1105	4	3509	1	2	0	1964	1987	1713	0	114	28640	Somerst	1Story	Typical	486313
1106	2	3498	3	1	0	2025	2025	1901	3	879	27403	NAmes	1.5Fin	Good	444194
1107	3	2583	1	2	0	1974	2008	1840	3	928	22954	NridgHt	1Story	Excellent	528391
1108	10	1455	5	2	1	1976	1976	1411	0		21537	CollgCr	1Story	Typical	496638
1109	10	2557	3	2	0	2005	2005	1539	3	341	23409	OldTown	1.5Fin	Fair	549138
1110	1	3790	2	1	0	1950	2012	1272	0	531	28174	Somerst	1Story	Excellent	428924
1111	7	4380	1	1	0	1965	1991	848	0	802	1803	CollgCr	1Story	Typical	538494
1112	3	4203	3	1	1	1959	1970	1817	1	452	18277	Edwards	1Story	Good	435942
1113	2	1144	1	2	1	1979	1979	2198	1	30	2469	Somerst	1.5Fin	Poor	237126
1114	3	2849	5	1	0	1992	1992	1763	3	72	17948	NAmes	2Story	Typical	386797
1115	2	828	2	2	1	1963	2003	1931	2	812	12749	NAmes	2Story	Typical	232338
1116	5	3143	3	3	1	1976	1991	2076	0	787	10182	Somerst	1.5Fin	Poor	455547
1117	10	4469	1	3	1	2008	2024	918	2	772	26894	CollgCr	1Story	Fair	732381
1118	6	615	1	1	1	2021	2021	156	3	126	21725	NridgHt	1.5Fin	Good	437694
1119	8	3092	2	3	0	1951	1988	844	2	170	17671	NridgHt	2Story	Poor	535445
1120	5	4277	1	1	1	1997	1997	1888	0	394	26636	NridgHt	1.5Fin	Poor	565517
1121	1	3874	4	1	1	1951	1992	2040	0	231	4290	NridgHt	1.5Fin	Poor	425655
1122	1	2009	5	1	1	1989	1989	1284	1	387	19920	Somerst	1.5Fin	Poor	284869
1123	3	826	5	1	1	2016	2016	1947	1		5953	OldTown	1Story	Typical	282581
1124	3	4188	2	3	1	2010	2010	186	1	280	8141	NridgHt	1Story	Typical	506269
1125	9	4178	4	1	0	1967	2018	1610	0	123	6777	OldTown	1.5Fin	Good	591460
1126	9	2774	3	3	1	1969	1972	1698	0	402	17007	Edwards	1Story	Typical	543022
1127	9	4414	1	2	1	2009	2009		2	723	19428	NAmes	2Story	Typical	660113
1128	7	418	1	1	0	2012	2012	1792	3	618	23044	NridgHt	1.5Fin	Excellent	497458
1129	6	2928	3	2	0	1971	1971	1229	2	321	14058	Edwards	SLvl	Fair	412027
1130	7	558	3	1	1	1950	2020	1309	1	311	28272	NridgHt	1.5Fin	Good	486590
1131	5	4237	1	2	0	1983	1983	1510	3	584	12147	OldTown	SLvl	Poor	442786
1132	7	3190	5	2	1	1997	1997	1985	2	172	5963	CollgCr	1.5Fin	Excellent	620982
1133	8	4145	4	2	1	1983	2024	622	2	834	2540	Edwards	2Story	Fair	549926
1134	8	2707	3	1	1	2021	2021	750	2	870	5133	NridgHt	1Story	Fair	588680
1135	7	741	5	3	0	2011	2011	1047	3	25	14186	Edwards	1.5Fin	Poor	340718
1136	1	508	5	2	0	2009	2009	504	2	971	13269	Somerst	SLvl	Typical	239996
1137	8	1776	5	1	1	1951	1979	835	2	23	25846	CollgCr	2Story	Fair	445066
1138	4	3448	2	2	1	2014	2014	877	2	459	5080	Somerst	1Story	Excellent	536945
1139	8	1019	5	1	0	2007	2007	785	3	667	8976	Somerst	1Story	Poor	446248
1140	6	3894	3	3	0	1980	1988	1025	3	327	29443	NridgHt	1.5Fin	Typical	639753
1141	9	1382	4	3	0	1994	1994	1262	1	203	2314	NAmes	1.5Fin	Excellent	499233
1142	4	2435	5	1	1	2012	2012	1740	2	47	13593	OldTown	1Story	Excellent	409656
1143	10	1232	1	3	1	2018	2018	757	0	728	7149	NAmes	1Story	Good	502204
1144	9	2310	3	3	0	1991	1991	2114	2	36	16708	OldTown	1.5Fin	Typical	494929
1145	4	2254	1	2	0	1953	1967	1199	3	484	29250	Somerst	2Story	Excellent	486720
1146	5	422	2	1	0	1997	1997	1803	2	393	7972	Edwards	2Story	Fair	270041
1147	6	2728	3	3	1	2001	2021	287	1	968	12055	Somerst	2Story	Excellent	547642
1148	8	3626	5	3	0	1954	1988	435	2	931	14300	Somerst	1.5Fin	Typical	607881
1149	7	4239	5	3	0	2012	2012	1134	1	818	24257	NridgHt	1.5Fin	Fair	679675
1150	9	1756	2	3	0	1965	2024	915	1	731	29564	NridgHt	1Story	Fair	543784
1151	4	4011	2	3	1	2017	2017	1240	0	543	4251	Edwards	1Story	Typical	436966
1152	6	4003	3	3	0	1991	1991	396	2	349	15428	NridgHt	1.5Fin	Poor	599475
1153	5	4453	5	1	0	1974	1980	1184	0	166	22949	NAmes	1.5Fin		525736
1154	10	1929	5	2	1	1954	1987	1717	1	969	1751	Somerst	1Story		519246
1155	4	3889	2	1	0	1951	1986	1821	3	385	24474	Edwards	1Story	Fair	448042
1156	6	2717	1	1	0	2006	2006	620	3	429	8412	NridgHt	1.5Fin	Poor	488411
1157	2	638	4	3	1	1978	1978	861	1	141	16274	Edwards	2Story	Typical	191490
1158	9	1508	2	3	1	2013	2013	1313	3	277	29386	CollgCr	1Story	Fair	517629
1159	4	3156	1	2	0	1967	2019	1295	0	635	19602	Somerst	1.5Fin	Poor	446671
1160	4	1058	1	3	0	2019	2019	1980	3	426	29689	NridgHt	1Story	Excellent	470000
1161	6	2182	3	1	0	2021	2021	976	1		18699	NAmes	1Story	Good	437075
1162	5	3577	2	1	1	1957	1963	1678	3	211	7499	NAmes	1.5Fin	Fair	444538
1163	9	1014	3	3	1	1999	1999	2210	3	82	21240	Edwards	1Story	Poor	485203
1164	6	2436	2	2	1	2021	2021	746	2		19035	Edwards	1Story	Excellent	506993
1165	6	1281	4	2	1	1974	1983	2058	2	432	10355	Edwards	SLvl	Good	378347
1166	2	2600	4	2	0	1955	1981		2	361	3691	NAmes	1Story		331680
1167	1	1387	3	1	1	2016	2016	836	0	286	19974	Edwards	1.5Fin	Good	216414
1168	4	4359	1	3	1	1986	1986		0	658	17957	Edwards	SLvl	Poor	456545
1169	10	714	3	3	0	1952	2015	1555	1	563	23549	NridgHt	SLvl	Typical	563215
1170	10	4351	4	3	1	2013	2020	1374	1	389	5088	OldTown	SLvl	Poor	603899
1171	7	3647	2	2	1	2001	2001	578	2	931	16854	OldTown	2Story	Good	540748
1172	7	3908	2	2	1	1955	1981	241	1	902	24832		SLvl	Excellent	564382
1173	4	3892	3	3	1	1969	1989	2273	2	198	26901	Edwards	1Story	Typical	499540
1174	2	1169	2	2	0	1951	2009	2185	0	643	28278	Edwards	2Story	Good	238682
1175	1	4218	3	2	0	2022	2024	2217	0	969	7541	CollgCr	1Story	Good	473337
1176	4	2837	2	1	0	1951	1981	1282	3	488	6430		1.5Fin	Excellent	463979
1177	4	4345	2	2	1	2010	2010	2212	3	30	17916	NridgHt	SLvl	Poor	610269
1178	2	4001	4	2	1	1988	2021	1183	3	132	14687	CollgCr	SLvl	Fair	447582
1179	3	2776	3	2	0	1994	2013	188	1	668	8178	Edwards	SLvl	Fair	347106
1180	1	1935	3	1	0	2011	2011	496	2	902	4408	Somerst	1Story	Good	331246
1181	7	880	4	1	0	2018	2018	681	2	128	5593	NAmes	SLvl	Typical	369172
1182	10	814	2	3	1	1959	1981	942	1	547	11165	CollgCr	1.5Fin	Good	500600
1183	7	1998	1	2	0	1951	1951	2348	2	497	22576	OldTown	2Story	Typical	428848
1184	5	3725	5	2	0	1959	2007	832	2	285	3355	NAmes	1Story		519305
1185	5	2472	1	2	0	2001	2013	1532	1	632	4498	OldTown	1Story	Good	354470
1186	4	2375	3	2	1	1993	1993	677	1	878	9039	NAmes	SLvl	Poor	324312
1187	2	1402	2	3	0	1956	1984	1608	1	239	26402	NridgHt	2Story	Excellent	433634
1188	6	2714	2	1	0	1967	1977	1419	3	54	29722	Edwards	1.5Fin	Excellent	468907
1189	6	3016	1	3	0	1990	1990	376	3	359	14045	CollgCr	SLvl	Poor	479446
1190	1	4427	5	1	0	2005	2025	1156	3	314	2771	Somerst	2Story	Fair	463164
1191	5	3391	3	2	0	1976	1976	263	3	727	1840	NAmes	1Story	Excellent	470533
1192	3	2890	2	2	1	2022	2022	2223	1	537	25981	Edwards	2Story	Excellent	428417
1193	2	4132	4	3	1	2025	2025	1761	3	17	14176	Somerst	1Story	Typical	509705
1194	8	2142	1	1	1	2008	2008	2354	0	340	3707	Somerst	1Story	Typical	554023
1195	6	4234	3	2	1	1984	2018	2189	3	735	25253	CollgCr	SLvl	Poor	576335
1196	7	1917	3	1	1	2016	2016	548	1	477	16576	Edwards	2Story	Typical	404114
1197	8	924	3	1	0	2005	2005	1768	1	563	11468	Somerst	1.5Fin	Good	462491
1198	10	2112	1	3	1	1989	2012	250	0	264	14385	Somerst	1.5Fin	Fair	564056
1199	9	928	5	3	0	1983	2024	2402	0	319	7914	CollgCr	1.5Fin	Fair	473732
1200	7	885	2	2	0	2013	2015	1964	1	130	28050	NridgHt	1.5Fin	Excellent	538359
1201	9	4013	4	2	1	1992	1992	1701	2	81	23952	CollgCr	1Story	Typical	687692
1202	5	3659	4	2	0	1963	1992	2488	0	36	7173	OldTown	1.5Fin	Fair	440175
1203	10	1307	2	1	0	2025	2025	2118	3	625	22445	CollgCr	SLvl	Fair	536882
1204	8	3835	1	2	0	1955	1972	2159	0	157	6621	NAmes	1Story	Typical	515410
1205	7	682	2	1	0	2002	2002	250	3	574	14419	CollgCr	1Story	Fair	393348
1206	10	1566	5	3	1	1999	1999	59	1	953	22839		1.5Fin	Typical	516805
1207	6	3295	5	2	1	1994	2016	2403	1	697	2536	Somerst	SLvl	Excellent	579409
1208	8	1645	5	1	0	1953	1996	628	0	575	22183	Edwards	2Story	Good	395159
1209	3	3395	2	2	0	1987	2006	1066	3	116	7939	OldTown	SLvl	Fair	341675
1210	10	3985	4	3	1	2017	2017	108	2	489	21427	Edwards	1Story	Typical	621655
1211	7	670	1	1	1	1968	1968	1558	0	892	15726	Edwards	1.5Fin	Typical	289956
1212	8	498	4	3	0	2002	2002	2052	0	384	2244	CollgCr	SLvl	Good	421740
1213	5	4254	3	2	1	2015	2015	2105	2	827	23214	CollgCr	2Story	Good	594057
1214	9	2534	4	2	0	2022	2022	1454	3		8909	NridgHt	1.5Fin	Typical	641121
1215	1	2477	4	3	0	1989	2012	1653	0	267	28642	NAmes	1Story	Fair	349442
1216	2	2301	5	2	0	1973	1973	1284	0	141	25437	NridgHt	1.5Fin	Good	413598
1217	6	2178	3	1	1	2003	2003	1115	2	17	6995	NridgHt	1.5Fin	Poor	470622
1218	8	3230	2	3	0	1986	1988	1386	0		18625	CollgCr	SLvl	Good	588099
1219	9	2777	3	1	0	1997	2002	2340	1	333	11818	CollgCr	1Story	Excellent	621241
1220	5	1070	1	2	0	2006	2013	631	0	656	18663	CollgCr	2Story	Good	374090
1221	7	2969	1	3	0	2003	2003	1175	1	573	17375	Edwards	1.5Fin	Typical	494022
1222	6	3140	3	2	1	1968	1968	1504	2	479	9933	CollgCr	SLvl		546854
1223	10	865	5	3	0	2007	2007	1425	1	723	20065	Somerst	1Story	Typical	595675
1224	7	1944	3	2	0	1991	1996	76	1	770	8915	OldTown	1.5Fin	Typical	396678
1225	5	3641	4	1	1	2020	2020	718	1	714	27360	NridgHt	SLvl	Excellent	613544
1226	10	2937	1	1	1	2000	2007	1615	2	898	28477	NridgHt	1.5Fin	Poor	672197
1227	2	959	3	2	0	2017	2017	1735	0	360	6228	OldTown	2Story	Good	224537
1228	10	564	4	1	1	2024	2024	1836	0	824	22241	Edwards	1Story	Good	493950
1229	2	2783	2	2	1	2025	2025	2479	0	421	27988	NAmes	2Story	Typical	370779
1230	3	2293	1	2	1	2006	2006	1683	3	184	5115	NAmes	1Story	Poor	313081
1231	9	4341	1	3	1	1995	1995	1449	2	145	22580	Edwards	1Story	Good	659511
1232	8	2541	5	1	1	1958	2020	830	0	91	28225	OldTown	2Story	Fair	466475
1233	10	4220	4	3	0	1979	1979	926	1	956	7915	OldTown	1Story	Excellent	670488
1234	8	1278	2	2	0	1986	1995	2066	1	169	18098	NAmes	1Story	Good	474380
1235	7	2234	2	2	0	2009	2011	1172	0	836	24239	NridgHt	1.5Fin	Fair	548008
1236	4	972	1	2	0	1994	2008	1789	3	784	11001	OldTown	1Story	Typical	295054
1237	1	2754	5	1	1	1983	2022	310	3	439	8278	OldTown	1Story	Poor	244505
1238	2	1172	1	3	0	1961	1961	320	0	914	12818	OldTown	1.5Fin	Typical	195994
1239	3	2418	4	1	0	2004	2004	538	0	909	11058	OldTown	SLvl	Poor	295475
1240	1	1811	2	1	1	1982	1988	488	1	926	22174	Edwards	1.5Fin	Excellent	279750
1241	6	1161	2	3	1	1952	2002	1518	2	497	12071	Somerst	1Story	Good	433860
1242	8	797	2	2	1	1971	1997		3	298	12224	Edwards	1Story	Fair	415235
1243	10	2499	5	3	0	2016	2016	1395	1	43	28419	NAmes	1.5Fin	Excellent	647496
1244	5	4284	1	2	0	1959	1973	723	1		17994	NridgHt	1.5Fin	Poor	542477
1245	9	1215	2	1	1	1980	1980	1442	0	873	27987	CollgCr	2Story	Typical	485441
1246	10	2060	2	1	0	1988	1988	298	0	536	21749	NAmes	SLvl	Poor	466730
1247	9	1321	2	2	0	1956	1969	1182	0	71	26729	NAmes	SLvl	Poor	394606
1248	5	3717	1	1	1	1962	1992	387	1	823	7068	Somerst	1.5Fin	Fair	472136
1249	4	2101	5	3	0	2021	2021	191	2	298	28239	OldTown	1.5Fin	Fair	357290
1250	10	4396	2	1	1	1994	1994	414	0	548	28411	NAmes	SLvl	Good	692990
1251	3	1405	3	3	0	1965	1994	277	0	660	2661	Somerst	1Story	Excellent	363120
1252	5	731	2	1	1	1962	1962	1194	3	146	11651	CollgCr	1.5Fin	Good	326400
1253	1	2788	5	1	1	1982	1998	1365	3	62	13279	NridgHt	SLvl	Good	444742
1254	8	3072	2	1	1	2004	2004	1519	2	79	13452	NridgHt	1Story	Typical	622572
1255	7	4463	2	1	0	2005	2005	1099	2	960	23685	NAmes	1Story	Fair	605707
1256	1	3973	2	2	1	1964	1966	441	2	958	21408	Somerst	2Story	Fair	393180
1257	3	4025	2	1	1	2005	2009	52	1		7567	Edwards	2Story	Excellent	444266
1258	6	3000	1	2	1	2018	2019	1781	0	426	18850	CollgCr	SLvl	Typical	509518
1259	6	1875	4	2	0	1967	1988	2457	1	407	29277	OldTown	2Story	Typical	409634
1260	9	2159	1	1	0	1951	2024	702	2	350	14043	OldTown	1.5Fin	Poor	402803
1261	3	948	2	1	0	2022	2022	511	2	544	27955	NAmes	SLvl	Typical	296600
1262	10	2167	2	1	0	1989	1989	779	2	356	20018	Somerst	SLvl	Good	593932
1263	5	1894	2	1	1	2009	2020	536	2	616	27862	CollgCr	1.5Fin	Typical	441450
1264	9	547	4	1	1	1974	1974	558	0	379	27231	NridgHt	SLvl	Good	499390
1265	3	1238	3	1	1	1972	2000	1236	2	630	1975	Somerst	1.5Fin	Excellent	356127
1266	1	2592	5	2	1	1967	1967	1963	3	945	24308	Edwards	1Story	Poor	321087
1267	1	1914	2	1	1	1966	1975	1781	2	206	6889	NAmes	1.5Fin	Excellent	284483
1268	4	4474	5	1	0	1985	1986	2400	2	62	24992	NAmes	2Story	Excellent	594334
1269	10	2362	1	2	0	1958	1977	893	0	527	24529	NAmes	2Story	Typical	534970
1270	1	4331	3	2	1	2013	2016		3	119	8864	OldTown	1.5Fin	Good	434721
1271	4	3109	4	1	0	1988	2023	951	1	231	3387	Somerst	2Story	Poor	422081
1272	2	565	3	1	0	2019	2019		1	790	13453	NAmes	1Story	Fair	189892
1273	10	1234	5	2	1	1988	1989	971	1	418	10135	Somerst	SLvl	Poor	500883
1274	7	3294	2	1	1	1973	1973	651	0	549	17284	NAmes	1.5Fin	Good	499810
1275	8	2635	1	2	0	1989	1989	1197	3		3837	CollgCr	1.5Fin	Excellent	563049
1276	8	1637	4	3	0	1961	1961		2	128	2759	Edwards	SLvl	Good	441928
1277	7	2541	1	2	0	2012	2015	1854	1	479	13958	Somerst	1.5Fin	Good	561824
1278	8	4103	4	1	1	2004	2004	2107	3	34	23439	Somerst	1.5Fin	Poor	631880
1279	1	1994	4	3	1	1961	1975	2402	0	499	10477	Edwards	SLvl	Excellent	350312
1280	9	585	5	1	1	1994	2014	212	1	224	10719	NAmes	2Story	Poor	374819
1281	8	1675	3	1	1	1990	2004	294	2	912	6174	CollgCr	SLvl	Typical	435664
1282	8	4238	5	1	0	1965	1997	2417	0	261	9554	Somerst	1.5Fin	Good	636832
1283	4	3524	1	3	1	1959	1959	2121	2	200	10015	NAmes	1Story	Excellent	515788
1284	9	3834	3	3	0	2007	2007	1471	3		8890	Somerst	1Story	Excellent	751026
1285	4	4138	1	2	0	1970	1992	804	2	133	11295	Somerst	SLvl	Typical	510491
1286	1	881	4	2	1	1989	1989	1294	0	216	9576	Somerst	SLvl	Typical	268016
1287	10	1559	4	2	1	1968	2006	1339	2	228	20904	CollgCr	SLvl	Typical	561945
1288	3	645	5	2	0	1999	2020	2119	1	739	11133	CollgCr	1Story	Typical	322207
1289	2	419	4	2	0	1953	1969	1324	2	888	23011	CollgCr	SLvl	Good	270667
1290	7	3823	2	3	0	1977	1977	68	2	856	18738	OldTown	SLvl	Good	528650
1291	3	4242	1	3	1	1991	1991	1749	0	957	19754	Edwards	SLvl	Typical	466877
1292	9	1038	5	1	1	1983	2013	1943	0	899	18132	NAmes	2Story	Typical	448598
1293	5	3361	3	2	0	1996	1996	745	0	455	27802	Edwards	1.5Fin	Poor	431653
1294	1	2593	1	3	0	1963	2018	291	0	390	8788	CollgCr	2Story	Poor	291116
1295	10	683	5	2	0	1983	2008	355	1	649	29498	Edwards	1Story	Typical	442836
1296	6	4155	5	1	0	2007	2007	2102	0	319	7383	CollgCr	1.5Fin	Fair	546664
1297	3	3972	3	3	0	1975	1994	1119	3	604	5439	NridgHt	1Story	Good	556193
1298	7	2727	4	2	0	1961	2017	1323	3	1000	25052	CollgCr	1Story	Excellent	576964
1299	6	3303	1	2	0	2014	2014	2402	0	198	27035	NridgHt	1Story		597420
1300	1	2029	1	2	1	2009	2009	152	1	770	4142	CollgCr	2Story	Excellent	344354
1301	8	3651	2	1	1	2001	2001	515	2	936	18594	NAmes	1Story	Typical	550183
1302	5	2225	4	2	0	2010	2010	2083	2	537	16115	CollgCr	SLvl	Excellent	514149
1303	7	4456	1	2	1	2009	2009	1350	2	356	7773	OldTown	SLvl	Excellent	590547
1304	9	658	1	3	0	2006	2006	68	3	255	16336	NridgHt	SLvl	Poor	506595
1305	7	1105	4	1	1	1988	2024	1757	2	168	21045	CollgCr	2Story	Good	477742
1306	7	4372	4	1	0	1951	1986	346	2	321	17863		1Story	Typical	579734
1307	3	1584	4	2	1	1995	1999	1956	2	747	16313	Somerst	1.5Fin	Excellent	416291
1308	3	1673	4	3	0	1970	1970	1995	2	515	26741	OldTown	1.5Fin	Typical	309939
1309	5	3645	5	2	1	2008	2008	2061	1	221	7927	OldTown	1Story	Poor	456322
1310	9	1176	4	2	0	1985	1985	1162	2	542	19282	NridgHt	SLvl	Fair	540708
1311	6	2506	3	3	1	2018	2018	669	3	809	10522	Somerst	2Story	Poor	494208
1312	4	1573	5	2	0	1995	1995	2204	1	13	29249	CollgCr	SLvl	Fair	391910
1313	8	1211	2	1	1	1991	1991	1397	0	20	8669	NridgHt	1Story	Poor	469996
1314	9	4354	1	3	0	2019	2019	1589	2	960	26334	OldTown	2Story	Good	667467
1315	10	1219	4	2	1	1986	1990	341	3	749	19516	NAmes	2Story	Typical	500272
1316	3	786	2	1	0	1978	1994	1559	3	576	7620	Somerst	1Story	Good	304901
1317	8	3163	5	2	1	1978	1978	1450	2	906	23123	NridgHt	1.5Fin	Excellent	742254
1318	6	3956	3	3	1	2016	2016	730	3	589	8373	OldTown	SLvl	Good	531586
1319	5	922	5	2	1	2007	2007	1917	1	521	8976	Somerst	1.5Fin	Typical	401288
1320	4	3302	1	2	0	1962	1972	334	1	211	11326	CollgCr	2Story	Fair	401910
1321	2	2617	4	2	0	1987	2024	1799	1	811	20930	NridgHt	1.5Fin	Good	463669
1322	3	3803	3	3	0	1978	2025	2403	1	765	12658	OldTown	2Story	Typical	432685
1323	6	920	3	3	1	1999	1999	1418	2	295	17720	CollgCr	2Story	Good	427036
1324	9	4402	2	1	1	1953	2021	262	3		17260	Edwards	SLvl	Poor	555915
1325	9	2938	5	2	0	2004	2004	1383	1	727	7104	CollgCr	1.5Fin		567493
1326	2	3853	2	2	1	2006	2006	1323	0	95	8126	Edwards	2Story	Poor	321480
1327	7	1884	5	1	0	1967	2015	1381	3	160	10244	Somerst	2Story	Good	534052
1328	1	4268	3	3	1	1961	1981	681	3	595	7837	OldTown	SLvl	Typical	375828
1329	7	2968	1	1	0	1997	1997	1565	3	624	27684	Somerst	1.5Fin	Fair	565303
1330	4	920	5	2	0	1969	1999		1	658	12369	OldTown	1Story	Fair	213129
1331	5	4184	1	1	0	2021	2021	1395	2	373	13039	NridgHt	SLvl	Good	604027
1332	8	3663	2	1	0	2008	2008	1487	2	836	20653	CollgCr	1.5Fin	Excellent	680729
1333	5	1631	5	3	0	2022	2022	1615	3		23961	Somerst	2Story	Excellent	603633
1334	9	2637	5	1	0	1990	1990	1995	3	206	21112	Edwards	SLvl	Typical	570246
1335	6	1991	5	1	0	2021	2021	2207	3	115	17209	NridgHt	SLvl	Good	586491
1336	10	2628	3	3	0	1951	2006	1943	1	878	29320	CollgCr	SLvl	Poor	599970
1337	7	4358	4	3	1	1972	1972	1990	0	707	27146	CollgCr	2Story	Excellent	657094
1338	3	4086	2	1	0	1950	1959	2172	0	461	7269	NridgHt	SLvl	Poor	483588
1339	8	1283	4	1	0	2001	2017	606	3	209	6061	NridgHt	SLvl	Fair	477794
1340	5	4385	3	3	1	1988	1988	732	3	96	12696	Somerst	SLvl	Good	566612
1341	6	2196	1	3	1	1971	1998	1333	0	152	25308	OldTown	1.5Fin	Excellent	419610
1342	2	3290	3	3	0	1973	2004	1164	1	105	28994	OldTown	2Story	Poor	348546
1343	2	3534	3	2	1	1998	2013		0	529	21525	Edwards	1Story	Good	410085
1344	6	2380	2	1	1	1963	1997	23	1	198	21165	Somerst	SLvl	Poor	414399
1345	2	2272	2	3	1	1989	2003	347	2	127	8160	CollgCr	1.5Fin	Poor	302289
1346	10	2271	3	1	0	1996	2013	1867	2		18380	NAmes	SLvl		538584
1347	9	3937	1	1	0	1968	2021	2055	1	700	6753	NAmes	1.5Fin	Typical	580015
1348	8	1984	1	3	0	1967	1967	756	1	496	16880	OldTown	1.5Fin	Fair	393330
1349	8	1547	4	2	1	1976	2006	777	2	153	7022	Somerst	1Story	Excellent	502493
1350	6	1882	2	1	1	1995	1995	1404	2	749	3652	OldTown	2Story	Good	379635
1351	1	1199	4	1	1	1969	2017	1193	0	490	29068	Edwards	1.5Fin	Typical	196953
1352	4	2005	3	2	1	1978	1978	423	0	186	26962	OldTown	1Story	Typical	317420
1353	5	867	3	1	0	1991	1991	1251	1	691	21032	CollgCr	1Story	Typical	358783
1354	10	768	3	3	0	1964	1964	2049	1	993	19327	Somerst	1.5Fin	Poor	471143
1355	3	3368	3	2	1	1993	1995	1824	3	540	8340	Somerst	1Story	Good	487819
1356	5	717	5	2	1	1960	1960	2043	3	161	17793	NridgHt	1.5Fin	Good	473988
1357	4	2730	5	2	0	1960	1960	1610	2	309	22821	Somerst	2Story	Typical	433289
1358	2	3598	2	2	0	1968	1988	2194	0	599	16876	OldTown	2Story	Typical	365589
1359	2	3371	4	2	1	1971	2023	624	0	1000	9535	Somerst	1Story	Excellent	458376
1360	4	2229	5	3	0	1952	1990	114	1	929	12669	OldTown	2Story	Good	358698
1361	1	1194	1	2	0	2023	2023	285	2	934	25468	NridgHt	1.5Fin	Fair	326908
1362	1	4216	4	2	1	1973	1999	2482	2	833	8758	Edwards	1.5Fin	Poor	377212
1363	4	3824	3	2	0	2011	2011	1601	0	575	28900	NridgHt	2Story	Excellent	621772
1364	3	2910	5	1	0	2018	2018	619	3	648	23027	CollgCr	1Story	Good	455503
1365	6	755	3	3	1	2010	2010	2136	1	734	26872	NAmes	SLvl	Good	421149
1366	1	544	5	2	0	2013	2013	773	2	716	16023	NAmes	SLvl	Fair	182406
1367	4	1692	1	3	1	1957	1968	1493	0	639	7876	Edwards	SLvl	Poor	296215
1368	5	1046	1	3	0	1978	2001	623	3	134	2467	NridgHt	2Story		417704
1369	10	3928	5	3	0	2006	2006	237	2	880	16745	Edwards	1.5Fin	Good	637039
1370	7	1244	3	3	0	1993	1993	669	0	9	12874	Somerst	1Story	Fair	409894
1371	9	1559	3	3	1	1950	1959	570	1	426	4740	OldTown	SLvl	Typical	398643
1372	4	4401	1	2	0	1993	2015	1382	1	434	27966	NridgHt	1Story	Excellent	618095
1373	5	3755	2	3	1	2011	2011	51	0	997	29153	NridgHt	2Story	Fair	534040
1374	5	1296	5	1	0	2012	2012	599	3	89	12156	CollgCr	SLvl	Fair	355145
1375	9	1972	2	3	0	1979	2005	1419	3	476	20540	NridgHt	1.5Fin	Fair	592135
1376	10	2515	3	1	1	1967	1990	984	3	358	13277	NAmes	SLvl	Excellent	567591
1377	10	3124	2	3	1	1973	1984	1590	1	97	15659	Edwards	2Story	Typical	575960
1378	8	4239	2	1	1	1972	2018	1639	2	223	19283	OldTown	1Story	Excellent	638972
1379	6	3972	1	2	0	1976	1976	2414	1	422	13368	CollgCr	1Story	Excellent	612904
1380	6	4407	5	1	0	1972	1993	2090	1	917	24348	NridgHt	1Story	Typical	651676
1381	10	566	5	1	1	1984	2006	570	2	388	6896	Edwards	1Story	Poor	358434
1382	3	1369	1	3	0	1953	1996	1732	1	880	20551	NAmes	2Story	Fair	303739
1383	4	2708	2	3	0	1970	1970	1568	3	734	29520	NAmes	1Story	Typical	431167
1384	9	601	3	1	1	1973	2001	1486	0	819	25727	NAmes	1Story	Fair	419564
1385	4	1857	2	1	1	1961	2006	1998	0	854	2803	CollgCr	2Story	Poor	361456
1386	3	1029	4	3	0	2016	2016	369	3	714	4748	NAmes	1.5Fin	Excellent	327294
1387	6	4225	2	3	1	2001	2001	938	3	734	19419	CollgCr	1.5Fin	Fair	530149
1388	4	659	1	1	1	2019	2019	2041	3	154	27851	Somerst	1Story	Good	375722
1389	9	1008	2	2	0	1992	1992	2231	1	717	25555	NridgHt	SLvl	Excellent	616379
1390	10	1200	3	1	1	1958	2016	93	1	48	27262	Somerst	1.5Fin	Typical	498835
1391	4	1009	1	3	1	2018	2018	1179	0	738	5767	OldTown	2Story	Good	273670
1392	6	2731	5	2	0	1984	2024	660	1	654	16296	Somerst	2Story	Poor	451353
1393	10	1894	1	1	0	2002	2002	420	2	757	22188	NridgHt	SLvl	Good	609697
1394	8	4141	1	1	0	1978	1983	142	1	642	19305	NAmes	2Story	Excellent	573485
1395	3	1469	3	2	1	1987	1987	1345	1	369	23646	NridgHt	1Story	Excellent	454420
1396	6	2603	3	3	0	1987	1987	1669	0	369	7565	Somerst	2Story	Poor	453695
1397	7	3107	2	1	0	1971	2006	1328	1	596	14526	OldTown	1Story	Fair	434140
1398	7	2967	2	3	0	1992	2007		2	473	14266	OldTown	1Story	Poor	433801
1399	1	3665	1	2	0	2005	2005	1929	2	340	28287	OldTown	2Story	Excellent	424666
1400	3	1227	4	3	0	1951	1991	1630	2	489	7277	NAmes	1Story	Fair	279102
1401	9	2481	2	3	1	1959	2025	2271	3	537	10801	CollgCr	2Story	Typical	586765
1402	3	3683	1	1	1	2014	2014	867	0	240	2126	CollgCr	1Story	Typical	415679
1403	3	3939	2	1	0	1993	2002	597	1	638	5825	NAmes	1.5Fin	Good	421131
1404	4	2933	5	3	0	2023	2023	1139	2	314	29456	Edwards	1Story	Excellent	482064
1405	2	3073	2	1	0	1995	2013	1267	1	268	25659	OldTown	1Story		309965
1406	2	3943	5	1	1	1999	1999	1145	3	418	8885	CollgCr	SLvl	Good	457689
1407	4	2962	2	2	1	2018	2018	2081	0	103	21509	CollgCr	1Story	Fair	489450
1408	9	4291	1	3	1	2000	2000	113	0	603	18404	NridgHt	2Story	Poor	642307
1409	1	923	2	3	1	1975	1978		1	734	27338	Somerst	1.5Fin	Poor	242717
1410	3	1826	2	2	0	1990	1990	1075	1	956	10057	OldTown	2Story	Fair	271239
1411	1	860	1	1	0	1967	1998	527	3	283	29839	Somerst	2Story	Typical	240383
1412	6	771	3	2	0	1975	1975	1603	1	539	12063	OldTown	1Story	Good	346990
1413	3	2335	2	3	1	2001	2024	2004	1	504	21931	CollgCr	2Story	Excellent	459717
1414	8	1326	4	1	0	1961	1961	1365	0	731	12836	Somerst	SLvl	Typical	441333
1415	6	2069	3	2	0	2001	2001	212	1	625	20639	Somerst	1.5Fin	Typical	469115
1416	8	2195	3	1	1	1994	2020	188	2	807	11049	Edwards	SLvl	Poor	459621
1417	7	2946	3	1	1	1973	1973	1054	2	851	25534	Edwards	1.5Fin	Excellent	555748
1418	5	4278	1	1	0	1953	1955	1670	2	113	19666	NAmes	SLvl	Fair	472635
1419	9	3883	4	3	1	2003	2006	784	1	355	9730	Edwards	2Story	Good	610990
1420	5	1951	1	3	1	2012	2012	772	0	653	28887	Edwards	1.5Fin	Good	405886
1421	10	1735	4	1	1	2005	2018	2151	0	544	21712	OldTown	1.5Fin	Excellent	561173
1422	10	3560	5	3	1	1981	1984	36	0	482	13716	CollgCr	SLvl	Excellent	649911
1423	6	907	4	2	0	1999	2016	199	2	173	5372	NridgHt	1.5Fin	Good	458346
1424	7	2616	3	3	1	1981	1981	389	3	573	29240	OldTown	2Story	Good	489993
1425	3	2134	2	3	1	1977	1977	2459	3	741	23018	CollgCr	1Story	Poor	386306
1426	9	1149	5	1	1	1974	2023	1244	1	38	20532	Somerst	SLvl	Poor	450639
1427	7	2928	2	3	1	1966	2007	395	0	592	25244	OldTown	2Story	Typical	452608
1428	10	1715	3	2	1	2023	2023	776	2	907	18803	Edwards	SLvl	Good	511165
1429	3	1161	4	1	1	2000	2000	2424	0	574	8112	Edwards	1.5Fin	Good	288488
1430	8	3078	5	1	1	1963	1980	1736	2	953	8257	OldTown	1Story	Fair	480419
1431	5	1114	5	3	1	2015	2015	559	1	352	3753	NAmes	1.5Fin	Typical	347094
1432	2	3159	1	2	1	1961	1984	601	3	3	3293	CollgCr	2Story	Excellent	436990
1433	2	1064	5	2	0	1995	1995	187	2	682	22268	NridgHt	1Story	Poor	326710
1434	6	2182	1	1	1	1962	1978	1932	2	213	25780	Edwards	2Story	Fair	425513
1435	4	3713	3	3	0	1977	1996	343	1	9	6171	OldTown	1.5Fin	Excellent	451502
1436	2	1337	5	1	1	2000	2000	716	3	180	17859	CollgCr	1Story	Poor	296697
1437	5	3548	4	1	1	2025	2025	871	2	934	5031	Somerst	1.5Fin	Fair	551483
1438	7	3360	5	2	1	2025	2025	1552	2	782	13311	NridgHt	SLvl	Typical	635274
1439	4	4101	2	3	1	2018	2018	1516	1	275	24036	Somerst	1Story	Good	561370
1440	10	1092	2	1	0	1967	1967	1998	1	598	24641	Edwards	1Story	Fair	459854
1441	8	3332	2	1	0	1957	1987	743	3	339	28540	OldTown	1Story	Good	523420
1442	6	4241	2	2	1	2018	2018	964	1	177	10351	NridgHt	1.5Fin	Fair	615747
1443	10	3529	4	1	1	2020	2020		0	989	28539	NridgHt	SLvl	Fair	704154
1444	5	1170	3	2	1	1971	1992	117	1	814	23833	OldTown	SLvl	Typical	284725
1445	2	3771	4	1	1	1951	2016	1844	1	363	11151	NridgHt	1Story	Poor	480596
1446	1	840	3	1	1	1999	1999	1339	1	353	10847	Somerst	2Story	Good	247785
1447	10	2814	2	1	0	1955	1983	1189	0	816	4565	NridgHt	1Story	Good	638425
1448	10	2440	1	3	0	1953	1957	2489	0	461	27746	NAmes	2Story	Excellent	616193
1449	8	2577	3	3	1	2021	2021	447	1	377	7294	NAmes	2Story		466180
1450	2	2530	5	2	1	1987	1987	2423	1	387	9137	CollgCr	1.5Fin	Fair	352814
1451	3	529	5	2	1	1958	2010	1701	0	447	13268	Somerst	SLvl	Excellent	331172
1452	1	2484	2	3	1	1999	1999	552	1	521	5420	NAmes	SLvl	Poor	271929
1453	1	4241	3	1	1	1978	2021	1696	1	40	24471	NAmes	1Story		399864
1454	3	2190	4	2	1	1990	1990	1889	0	480	21396	NAmes	1Story	Typical	355625
1455	6	1535	4	3	1	2018	2018	906	1	440	5964	CollgCr	2Story	Typical	400444
1456	1	4479	1	3	0	1968	1968	862	1	274	6141	NridgHt	2Story	Typical	499809
1457	10	805	3	1	1	1999	1999	2088	0	355	2126	Somerst	2Story	Good	515478
1458	5	2394	1	3	1	2012	2012	400	3	424	28557	Somerst	1.5Fin	Poor	466808
1459	3	2502	1	2	0	1982	1982	33	0	366	13920	CollgCr	1.5Fin	Excellent	371435
1460	6	2360	4	3	1	2023	2023	1665	2	909	20183	Edwards	SLvl	Excellent	519430
1461	8	4179	1	1	1	1984	2024	2267	2	529	5774	Somerst	1.5Fin	Poor	651490
1462	4	2129	2	2	1	1984	2010	1252	3	503	8079	Edwards	2Story	Excellent	372465
1463	1	4391	3	3	0	2017	2017	337	2	263	16933	NridgHt	1Story	Fair	498286
1464	1	674	4	1	1	1998	2019	1348	2	917	7451	Edwards	2Story	Poor	151118
1465	9	3409	3	3	0	2016	2016	629	3	23	18969	CollgCr	SLvl	Fair	608724
1466	2	2831	1	1	1	2010	2010	2069	3	550	27831	Edwards	SLvl	Good	386096
1467	7	1386	4	3	1	2004	2004	1530	0	168	10195	NridgHt	2Story	Excellent	535932
1468	4	1334	5	2	1	1968	1980	841	3	769	18824	Somerst	1Story	Good	399845
1469	8	3351	5	1	1	1980	2007	1562	1	378	27597	OldTown	1Story	Excellent	537723
1470	1	3014	4	1	0	2015	2015	1668	0	293	26972	Edwards	1Story	Fair	319584
1471	9	2906	3	3	1	1996	1996	1697	2	58	1720	NridgHt	1.5Fin	Excellent	690305
1472	7	608	5	1	1	1971	1997	915	3	791	4641	Somerst	1.5Fin	Good	399984
1473	5	2851	3	2	0	1974	2005	1427	0	396	29607	Edwards	1.5Fin	Poor	426213
1474	3	4424	1	1	0	2008	2008	106	0	264	27874	CollgCr	1Story	Poor	426057
1475	10	471	5	3	0	1963	1980	1009	3	845	10674	NridgHt	2Story	Fair	523459
1476	4	2323	2	2	1	1958	1958	945	2	19	16321	NridgHt	1Story	Poor	398518
1477	5	2427	5	3	1	2008	2008	1337	0	469	17825	NAmes	2Story	Fair	423975
1478	4	4077	2	1	1	1971	1983	2376	3	160	20550	NAmes	1.5Fin	Excellent	565032
1479	3	1559	5	1	1	2008	2008	2384	1	127	22886	NAmes	2Story	Fair	379126
1480	5	2350	3	2	0	1990	1992	1208	1	21	12127	OldTown	1.5Fin	Good	396136
1481	2	3341	3	2	1	2025	2025	1616	1	187	26863	NAmes	2Story	Excellent	486388
1482	1	647	2	3	0	1989	1989	270	2	948	3185	NridgHt	1.5Fin	Fair	286429
1483	3	3685	5	3	0	2015	2023	1206	0	445	2424	NridgHt	2Story	Good	539773
1484	2	3771	1	3	0	2014	2014	1720	1	1000	28803	CollgCr	2Story	Typical	498233
1485	5	3351	3	1	0	1966	1966	1707	1	267	6549	Somerst	1Story	Fair	478171
1486	9	3058	2	1	1	2025	2025	2409	0	762	29847	NAmes	1.5Fin	Excellent	655172
1487	2	3465	3	3	1	2006	2018	1166	3	89	9650	Somerst	SLvl	Good	479749
1488	1	3605	2	2	1	1958	1969	2270	0	108	11889	OldTown	1.5Fin	Typical	281902
1489	2	4104	4	3	0	1950	2024	2447	3	16	2297	NAmes	1.5Fin	Excellent	494367
1490	6	2155	2	2	0	1970	1985	1430	0	899	28401	OldTown	SLvl	Excellent	414957
1491	3	2270	1	1	0	1951	2015	228	1	672	11740	Somerst	1Story	Good	328957
1492	5	3016	1	2	1	1977	1999	941	0	744	6280	NridgHt	SLvl	Excellent	548186
1493	1	1191	4	3	0	2025	2025	1912	1	928	15275	NAmes	1Story	Fair	250908
1494	4	3911	2	2	0	1986	1988	1452	2	332	5908	NridgHt	1.5Fin	Fair	527991
1495	5	3559	2	1	1	1951	1981	2341	0	723	24009	CollgCr	SLvl	Fair	486194
1496	5	2987	4	1	1	1987	1987	2040	2	502	3583	OldTown	SLvl	Good	437253
1497	6	1637	2	3	1	1966	1991	158	3	543	15728	NAmes	2Story	Excellent	419460
1498	8	1825	2	3	0	2015	2015		1	662	12651	NridgHt	SLvl		616986
1499	5	2183	2	3	1	1956	2003	893	0	470	2559	Somerst	1.5Fin	Typical	404180
1500	9	3117	2	1	0	2008	2012	2047	2	24	2990	Edwards	1Story	Good	572890